"","siteID","colls","temp","prec","DEM"
"1","1447",22699,2.70833349227905,42.1666679382324,659.961303710938
"2","1447",52656,2.96666669845581,41.0833320617676,655.553649902344
"3","1447",87125,2.63333320617676,40,690.539245605469
"4","1447",138447,3.09166646003723,41.5,849.426879882812
"5","1447",163050,2.59166669845581,40.1666679382324,681.076843261719
"6","1447",207633,2.70833349227905,42.1666679382324,659.961303710938
"7","1447",220122,3.09166646003723,41.5,849.426879882812
"8","1447",220124,3.09166646003723,41.5,849.426879882812
"9","1447",220125,2.96666669845581,41.0833320617676,655.553649902344
"10","1447",220129,3.07500004768372,41.4166679382324,687.771606445312
"11","1447",220130,2.70833349227905,42.1666679382324,659.961303710938
"12","1447",222354,2.70833349227905,42.1666679382324,659.961303710938
"13","1447",224472,2.96666669845581,41.0833320617676,655.553649902344
"14","1447",224473,2.96666669845581,41.0833320617676,655.553649902344
"15","1447",NA,NA,NA,NA
"16","1447",NA,NA,NA,NA
"17","1447",NA,NA,NA,NA
"18","1447",NA,NA,NA,NA
"19","1447",NA,NA,NA,NA
"20","1447",NA,NA,NA,NA
"21","1447",NA,NA,NA,NA
"22","1447",NA,NA,NA,NA
"23","1447",NA,NA,NA,NA
"24","1447",NA,NA,NA,NA
"25","1447",NA,NA,NA,NA
"26","1447",NA,NA,NA,NA
"27","1447",NA,NA,NA,NA
"28","1447",NA,NA,NA,NA
"29","1447",NA,NA,NA,NA
"30","1447",NA,NA,NA,NA
"31","1448",89604,2.32500004768372,40.0833320617676,701.410278320312
"32","1448",89605,2.33333325386047,40,725.222900390625
"33","1448",89606,2.33333325386047,40,725.222900390625
"34","1448",116566,2.25,40.25,746.045104980469
"35","1448",220087,2.71666669845581,39.25,644.512573242188
"36","1448",220121,3.21666669845581,38.4166679382324,633.429748535156
"37","1448",227125,3.35833311080933,39.0833320617676,545.044860839844
"38","1448",NA,NA,NA,NA
"39","1448",NA,NA,NA,NA
"40","1448",NA,NA,NA,NA
"41","1448",NA,NA,NA,NA
"42","1448",NA,NA,NA,NA
"43","1448",NA,NA,NA,NA
"44","1448",NA,NA,NA,NA
"45","1448",NA,NA,NA,NA
"46","1448",NA,NA,NA,NA
"47","1448",NA,NA,NA,NA
"48","1448",NA,NA,NA,NA
"49","1448",NA,NA,NA,NA
"50","1448",NA,NA,NA,NA
"51","1448",NA,NA,NA,NA
"52","1448",NA,NA,NA,NA
"53","1448",NA,NA,NA,NA
"54","1448",NA,NA,NA,NA
"55","1448",NA,NA,NA,NA
"56","1448",NA,NA,NA,NA
"57","1448",NA,NA,NA,NA
"58","1448",NA,NA,NA,NA
"59","1448",NA,NA,NA,NA
"60","1448",NA,NA,NA,NA
"61","1530",52658,3.5,42,623.4560546875
"62","1530",161248,3.19166684150696,41.3333320617676,690.030212402344
"63","1530",182649,1.53333342075348,52.25,1388.63549804688
"64","1530",220120,3.5,42,623.4560546875
"65","1530",220123,3.54999995231628,43.75,835.455932617188
"66","1530",220131,1.53333342075348,52.25,1388.63549804688
"67","1530",NA,NA,NA,NA
"68","1530",NA,NA,NA,NA
"69","1530",NA,NA,NA,NA
"70","1530",NA,NA,NA,NA
"71","1530",NA,NA,NA,NA
"72","1530",NA,NA,NA,NA
"73","1530",NA,NA,NA,NA
"74","1530",NA,NA,NA,NA
"75","1530",NA,NA,NA,NA
"76","1530",NA,NA,NA,NA
"77","1530",NA,NA,NA,NA
"78","1530",NA,NA,NA,NA
"79","1530",NA,NA,NA,NA
"80","1530",NA,NA,NA,NA
"81","1530",NA,NA,NA,NA
"82","1530",NA,NA,NA,NA
"83","1530",NA,NA,NA,NA
"84","1530",NA,NA,NA,NA
"85","1530",NA,NA,NA,NA
"86","1530",NA,NA,NA,NA
"87","1530",NA,NA,NA,NA
"88","1530",NA,NA,NA,NA
"89","1530",NA,NA,NA,NA
"90","1530",NA,NA,NA,NA
"91","1619",76062,3.25,40.0833320617676,678.025939941406
"92","1619",144539,2.71666669845581,41.5,717.891357421875
"93","1619",152403,2.54166674613953,40.5833320617676,682.657836914062
"94","1619",206397,2.71666669845581,41.5,717.891357421875
"95","1619",214477,2.78333330154419,41.5,727.819458007812
"96","1619",NA,NA,NA,NA
"97","1619",NA,NA,NA,NA
"98","1619",NA,NA,NA,NA
"99","1619",NA,NA,NA,NA
"100","1619",NA,NA,NA,NA
"101","1619",NA,NA,NA,NA
"102","1619",NA,NA,NA,NA
"103","1619",NA,NA,NA,NA
"104","1619",NA,NA,NA,NA
"105","1619",NA,NA,NA,NA
"106","1619",NA,NA,NA,NA
"107","1619",NA,NA,NA,NA
"108","1619",NA,NA,NA,NA
"109","1619",NA,NA,NA,NA
"110","1619",NA,NA,NA,NA
"111","1619",NA,NA,NA,NA
"112","1619",NA,NA,NA,NA
"113","1619",NA,NA,NA,NA
"114","1619",NA,NA,NA,NA
"115","1619",NA,NA,NA,NA
"116","1619",NA,NA,NA,NA
"117","1619",NA,NA,NA,NA
"118","1619",NA,NA,NA,NA
"119","1619",NA,NA,NA,NA
"120","1619",NA,NA,NA,NA
"121","1703",52655,3.06666660308838,34.8333320617676,706.536560058594
"122","1703",73461,2.66666674613953,34.8333320617676,825.161804199219
"123","1703",162141,3.1083333492279,35.8333320617676,813.795349121094
"124","1703",NA,NA,NA,NA
"125","1703",NA,NA,NA,NA
"126","1703",NA,NA,NA,NA
"127","1703",NA,NA,NA,NA
"128","1703",NA,NA,NA,NA
"129","1703",NA,NA,NA,NA
"130","1703",NA,NA,NA,NA
"131","1703",NA,NA,NA,NA
"132","1703",NA,NA,NA,NA
"133","1703",NA,NA,NA,NA
"134","1703",NA,NA,NA,NA
"135","1703",NA,NA,NA,NA
"136","1703",NA,NA,NA,NA
"137","1703",NA,NA,NA,NA
"138","1703",NA,NA,NA,NA
"139","1703",NA,NA,NA,NA
"140","1703",NA,NA,NA,NA
"141","1703",NA,NA,NA,NA
"142","1703",NA,NA,NA,NA
"143","1703",NA,NA,NA,NA
"144","1703",NA,NA,NA,NA
"145","1703",NA,NA,NA,NA
"146","1703",NA,NA,NA,NA
"147","1703",NA,NA,NA,NA
"148","1703",NA,NA,NA,NA
"149","1703",NA,NA,NA,NA
"150","1703",NA,NA,NA,NA
"151","1706",14493,2.23333334922791,30.1666660308838,652.194580078125
"152","1706",67885,2.12499976158142,30.5,645.860229492188
"153","1706",NA,NA,NA,NA
"154","1706",NA,NA,NA,NA
"155","1706",NA,NA,NA,NA
"156","1706",NA,NA,NA,NA
"157","1706",NA,NA,NA,NA
"158","1706",NA,NA,NA,NA
"159","1706",NA,NA,NA,NA
"160","1706",NA,NA,NA,NA
"161","1706",NA,NA,NA,NA
"162","1706",NA,NA,NA,NA
"163","1706",NA,NA,NA,NA
"164","1706",NA,NA,NA,NA
"165","1706",NA,NA,NA,NA
"166","1706",NA,NA,NA,NA
"167","1706",NA,NA,NA,NA
"168","1706",NA,NA,NA,NA
"169","1706",NA,NA,NA,NA
"170","1706",NA,NA,NA,NA
"171","1706",NA,NA,NA,NA
"172","1706",NA,NA,NA,NA
"173","1706",NA,NA,NA,NA
"174","1706",NA,NA,NA,NA
"175","1706",NA,NA,NA,NA
"176","1706",NA,NA,NA,NA
"177","1706",NA,NA,NA,NA
"178","1706",NA,NA,NA,NA
"179","1706",NA,NA,NA,NA
"180","1706",NA,NA,NA,NA
"181","1785",49079,3.64166641235352,33.5833320617676,812.679321289062
"182","1785",51965,3.29166650772095,34.0833320617676,841.223876953125
"183","1785",51966,3.29166650772095,34.0833320617676,841.223876953125
"184","1785",152272,3.77500009536743,31.6666660308838,821.946655273438
"185","1785",155223,3.33333349227905,34.0833320617676,769.272216796875
"186","1785",NA,NA,NA,NA
"187","1785",NA,NA,NA,NA
"188","1785",NA,NA,NA,NA
"189","1785",NA,NA,NA,NA
"190","1785",NA,NA,NA,NA
"191","1785",NA,NA,NA,NA
"192","1785",NA,NA,NA,NA
"193","1785",NA,NA,NA,NA
"194","1785",NA,NA,NA,NA
"195","1785",NA,NA,NA,NA
"196","1785",NA,NA,NA,NA
"197","1785",NA,NA,NA,NA
"198","1785",NA,NA,NA,NA
"199","1785",NA,NA,NA,NA
"200","1785",NA,NA,NA,NA
"201","1785",NA,NA,NA,NA
"202","1785",NA,NA,NA,NA
"203","1785",NA,NA,NA,NA
"204","1785",NA,NA,NA,NA
"205","1785",NA,NA,NA,NA
"206","1785",NA,NA,NA,NA
"207","1785",NA,NA,NA,NA
"208","1785",NA,NA,NA,NA
"209","1785",NA,NA,NA,NA
"210","1785",NA,NA,NA,NA
"211","1786",144561,3.75833320617676,31.4166660308838,775.468505859375
"212","1786",52467,3.15833330154419,33.75,793.443664550781
"213","1786",135743,3.06666660308838,34.5,831.994201660156
"214","1786",51316,3.9833333492279,31.0833339691162,703.034790039062
"215","1786",114017,3.94166660308838,31.4166660308838,702.39892578125
"216","1786",69621,3.95833325386047,30.5,697.550170898438
"217","1786",52654,3.875,29.9166660308838,741.792419433594
"218","1786",92963,3.8583333492279,31.4166660308838,754.151000976562
"219","1786",60563,3.94166660308838,31.4166660308838,713.702392578125
"220","1786",94370,3.90833330154419,31.0833339691162,755.991821289062
"221","1786",64436,3.79166698455811,32.4166679382324,726.226440429688
"222","1786",64324,3.84999990463257,31.1666660308838,766.042358398438
"223","1786",45733,3.40000009536743,33.25,801.909484863281
"224","1786",191254,3.75833344459534,32.5833320617676,737.497131347656
"225","1786",155222,3.52500009536743,32.4166679382324,803.047119140625
"226","1786",52469,3.79166698455811,32.4166679382324,726.226440429688
"227","1786",61629,3.7666666507721,32.1666679382324,722.961303710938
"228","1786",152270,3.78333330154419,32,732.543151855469
"229","1786",75475,3.49999976158142,34.0833320617676,800.531982421875
"230","1786",45752,3.32500004768372,33.6666679382324,833.3154296875
"231","1786",14500,3.19166660308838,31.9166660308838,859.37353515625
"232","1786",191402,3.70833349227905,32.0833320617676,743.429626464844
"233","1786",64631,3.45833349227905,33.5833320617676,812.499450683594
"234","1786",52468,3.64166641235352,33.75,761.439636230469
"235","1786",64430,3.45833349227905,33.5833320617676,812.499450683594
"236","1786",191401,3.44166660308838,32.5833320617676,779.015380859375
"237","1786",117924,3.4833333492279,32.1666679382324,827.114379882812
"238","1786",155227,3.59166669845581,32.5,758.536804199219
"239","1786",206399,3.94166660308838,31.4166660308838,713.702392578125
"240","1786",97797,3.38333320617676,33.5,815.727111816406
"241","1788",67881,2.93333339691162,26.6666660308838,761.905517578125
"242","1788",67882,2.93333339691162,26.6666660308838,761.905517578125
"243","1788",67883,2.9833333492279,26.75,758.924133300781
"244","1788",155220,2.93333339691162,26.6666660308838,761.905517578125
"245","1788",155221,2.93333339691162,26.6666660308838,761.905517578125
"246","1788",NA,NA,NA,NA
"247","1788",NA,NA,NA,NA
"248","1788",NA,NA,NA,NA
"249","1788",NA,NA,NA,NA
"250","1788",NA,NA,NA,NA
"251","1788",NA,NA,NA,NA
"252","1788",NA,NA,NA,NA
"253","1788",NA,NA,NA,NA
"254","1788",NA,NA,NA,NA
"255","1788",NA,NA,NA,NA
"256","1788",NA,NA,NA,NA
"257","1788",NA,NA,NA,NA
"258","1788",NA,NA,NA,NA
"259","1788",NA,NA,NA,NA
"260","1788",NA,NA,NA,NA
"261","1788",NA,NA,NA,NA
"262","1788",NA,NA,NA,NA
"263","1788",NA,NA,NA,NA
"264","1788",NA,NA,NA,NA
"265","1788",NA,NA,NA,NA
"266","1788",NA,NA,NA,NA
"267","1788",NA,NA,NA,NA
"268","1788",NA,NA,NA,NA
"269","1788",NA,NA,NA,NA
"270","1788",NA,NA,NA,NA
"271","1870",52470,5.05833339691162,27.8333339691162,658.080322265625
"272","1870",48618,4.59166669845581,26.25,762.784423828125
"273","1870",59026,4.93333339691162,27.6666660308838,670.37353515625
"274","1870",58948,4.74166631698608,27.75,674.506713867188
"275","1870",52473,4.44999980926514,28.1666660308838,762.13818359375
"276","1870",59226,4.93333339691162,27.0833339691162,666.665222167969
"277","1870",59005,4.70833349227905,28.4166660308838,692.001403808594
"278","1870",118190,4.63333320617676,27.9166660308838,677.146423339844
"279","1870",59019,4.77500009536743,28.3333339691162,690.63232421875
"280","1870",58901,4.93333339691162,27.6666660308838,670.37353515625
"281","1870",59111,4.93333339691162,27.6666660308838,670.37353515625
"282","1870",65928,5.01666688919067,27.3333339691162,656.548828125
"283","1870",59022,4.72499990463257,28.4166660308838,691.145446777344
"284","1870",59020,4.93333339691162,27.0833339691162,666.665222167969
"285","1870",59115,4.69166660308838,28,680.779968261719
"286","1870",11890,4.90000009536743,27.75,672.054504394531
"287","1870",45756,5.01666688919067,27.3333339691162,656.548828125
"288","1870",59138,4.85833358764648,27.5,673.011413574219
"289","1870",146197,5.00833320617676,27.8333339691162,649.879089355469
"290","1870",155264,4.98333311080933,28,692.156066894531
"291","1870",117930,4.60833358764648,28.25,705.569702148438
"292","1870",59107,4.74166679382324,28.8333339691162,723.588012695312
"293","1870",35379,4.52500009536743,28.0833339691162,753.261413574219
"294","1870",58944,4.76666641235352,27.1666660308838,656.789794921875
"295","1870",59018,4.80833339691162,27.5,665.564514160156
"296","1870",58908,4.69999980926514,27.75,671.166198730469
"297","1870",117928,4.80000019073486,27.75,653.472229003906
"298","1870",128459,4.875,27.3333339691162,652.894287109375
"299","1870",59025,5.00833320617676,27.6666660308838,662.68505859375
"300","1870",67894,5.01666688919067,27.5833339691162,643.768188476562
"301","1871",14451,4.21666669845581,25.1666660308838,697.818603515625
"302","1871",14476,4.29166650772095,26.9166660308838,734.753051757812
"303","1871",46958,4.13333320617676,27.0833339691162,708.742736816406
"304","1871",47629,4.125,27.8333339691162,785.404174804688
"305","1871",52646,5.51666641235352,27.5,720.827331542969
"306","1871",61468,4.80833339691162,25.8333339691162,668.817749023438
"307","1871",64335,4.66666650772095,25.75,625.058227539062
"308","1871",64336,4.67500019073486,25.4166660308838,643.309631347656
"309","1871",67879,4.29166698455811,26.0833339691162,770.759948730469
"310","1871",67880,4.73333358764648,25.4166660308838,647.367919921875
"311","1871",67884,4.72500038146973,25.4166660308838,646.268127441406
"312","1871",163047,4.40000009536743,26.5833339691162,730.135437011719
"313","1871",NA,NA,NA,NA
"314","1871",NA,NA,NA,NA
"315","1871",NA,NA,NA,NA
"316","1871",NA,NA,NA,NA
"317","1871",NA,NA,NA,NA
"318","1871",NA,NA,NA,NA
"319","1871",NA,NA,NA,NA
"320","1871",NA,NA,NA,NA
"321","1871",NA,NA,NA,NA
"322","1871",NA,NA,NA,NA
"323","1871",NA,NA,NA,NA
"324","1871",NA,NA,NA,NA
"325","1871",NA,NA,NA,NA
"326","1871",NA,NA,NA,NA
"327","1871",NA,NA,NA,NA
"328","1871",NA,NA,NA,NA
"329","1871",NA,NA,NA,NA
"330","1871",NA,NA,NA,NA
"331","1951",150748,5.71666669845581,34.6666679382324,939.564331054688
"332","1951",167798,5.17500019073486,32.4166679382324,970
"333","1951",NA,NA,NA,NA
"334","1951",NA,NA,NA,NA
"335","1951",NA,NA,NA,NA
"336","1951",NA,NA,NA,NA
"337","1951",NA,NA,NA,NA
"338","1951",NA,NA,NA,NA
"339","1951",NA,NA,NA,NA
"340","1951",NA,NA,NA,NA
"341","1951",NA,NA,NA,NA
"342","1951",NA,NA,NA,NA
"343","1951",NA,NA,NA,NA
"344","1951",NA,NA,NA,NA
"345","1951",NA,NA,NA,NA
"346","1951",NA,NA,NA,NA
"347","1951",NA,NA,NA,NA
"348","1951",NA,NA,NA,NA
"349","1951",NA,NA,NA,NA
"350","1951",NA,NA,NA,NA
"351","1951",NA,NA,NA,NA
"352","1951",NA,NA,NA,NA
"353","1951",NA,NA,NA,NA
"354","1951",NA,NA,NA,NA
"355","1951",NA,NA,NA,NA
"356","1951",NA,NA,NA,NA
"357","1951",NA,NA,NA,NA
"358","1951",NA,NA,NA,NA
"359","1951",NA,NA,NA,NA
"360","1951",NA,NA,NA,NA
"361","1952",52991,4.63333320617676,36.75,1235.17517089844
"362","1952",52992,5.10833311080933,34.25,1183.45751953125
"363","1952",53049,6.02500009536743,34.5833320617676,1018.54699707031
"364","1952",53050,6.02500009536743,34.5833320617676,1018.54699707031
"365","1952",53051,6.02500009536743,34.5833320617676,1018.54699707031
"366","1952",60364,6.05833339691162,34.5,1013.28289794922
"367","1952",62321,6.02500009536743,34.5833320617676,1018.54699707031
"368","1952",62322,6.02500009536743,34.5833320617676,1018.54699707031
"369","1952",64338,6.05833339691162,34.5,1013.28289794922
"370","1952",163048,6.02500009536743,34.5833320617676,1018.54699707031
"371","1952",163049,6.02500009536743,34.5833320617676,1018.54699707031
"372","1952",226216,4.63333320617676,36.75,1235.17517089844
"373","1952",229969,5.93333339691162,32.6666679382324,881.110290527344
"374","1952",NA,NA,NA,NA
"375","1952",NA,NA,NA,NA
"376","1952",NA,NA,NA,NA
"377","1952",NA,NA,NA,NA
"378","1952",NA,NA,NA,NA
"379","1952",NA,NA,NA,NA
"380","1952",NA,NA,NA,NA
"381","1952",NA,NA,NA,NA
"382","1952",NA,NA,NA,NA
"383","1952",NA,NA,NA,NA
"384","1952",NA,NA,NA,NA
"385","1952",NA,NA,NA,NA
"386","1952",NA,NA,NA,NA
"387","1952",NA,NA,NA,NA
"388","1952",NA,NA,NA,NA
"389","1952",NA,NA,NA,NA
"390","1952",NA,NA,NA,NA
"391","1953",52647,5.7000002861023,29.25,808.779663085938
"392","1953",59378,5.46666669845581,30.75,894.841613769531
"393","1953",59379,5.55833339691162,29.3333339691162,799.202941894531
"394","1953",64325,5.55833339691162,27.5,757.457275390625
"395","1953",64654,5.88333320617676,27.1666660308838,722.446411132812
"396","1953",135811,5.77500009536743,29.5833339691162,843.47705078125
"397","1953",212647,5.98333311080933,28,714.912292480469
"398","1953",229967,5.65000009536743,30,850.123413085938
"399","1953",229968,6.03333330154419,32,883.582763671875
"400","1953",229973,5.83333349227905,29,787.847412109375
"401","1953",NA,NA,NA,NA
"402","1953",NA,NA,NA,NA
"403","1953",NA,NA,NA,NA
"404","1953",NA,NA,NA,NA
"405","1953",NA,NA,NA,NA
"406","1953",NA,NA,NA,NA
"407","1953",NA,NA,NA,NA
"408","1953",NA,NA,NA,NA
"409","1953",NA,NA,NA,NA
"410","1953",NA,NA,NA,NA
"411","1953",NA,NA,NA,NA
"412","1953",NA,NA,NA,NA
"413","1953",NA,NA,NA,NA
"414","1953",NA,NA,NA,NA
"415","1953",NA,NA,NA,NA
"416","1953",NA,NA,NA,NA
"417","1953",NA,NA,NA,NA
"418","1953",NA,NA,NA,NA
"419","1953",NA,NA,NA,NA
"420","1953",NA,NA,NA,NA
"421","1954",45565,5.56666660308838,28.3333339691162,982.09716796875
"422","1954",69151,5.69166660308838,27.75,881.206237792969
"423","1954",181024,5.41666650772095,28.4166660308838,818.697082519531
"424","1954",221937,4.96666669845581,29.25,920.404541015625
"425","1954",45674,5.30000019073486,28.9166660308838,965.931640625
"426","1954",45819,4.90000009536743,29.1666660308838,972.81201171875
"427","1954",155027,4.82499980926514,29.5833339691162,955.596313476562
"428","1954",146193,5.64166641235352,28.25,963.319946289062
"429","1954",45892,5.36666679382324,28.75,955.131958007812
"430","1954",45822,5.36666679382324,28.75,955.131958007812
"431","1954",45567,5.64166641235352,28.25,963.319946289062
"432","1954",116536,5.27500009536743,28.5833339691162,762.8564453125
"433","1954",155258,5.20833349227905,26.3333339691162,880.079772949219
"434","1954",45671,5.30000019073486,28.9166660308838,965.931640625
"435","1954",45821,4.90000009536743,29.1666660308838,972.81201171875
"436","1954",45820,5.52500009536743,28.4166660308838,931.967712402344
"437","1954",162171,5.18333339691162,27.6666660308838,896.913208007812
"438","1954",171408,5.69166660308838,27.75,881.206237792969
"439","1954",152259,5.18333339691162,27.6666660308838,896.913208007812
"440","1954",45894,5.36666679382324,28.75,955.131958007812
"441","1954",45897,4.96666669845581,29.5,950.591064453125
"442","1954",168226,5.57499980926514,26.75,880.62451171875
"443","1954",144510,5.16666698455811,28.9166660308838,913.093872070312
"444","1954",123415,5.18333339691162,27.6666660308838,896.913208007812
"445","1954",206061,5.19999980926514,28.9166660308838,986.070373535156
"446","1954",14463,5.27500009536743,28.5833339691162,762.8564453125
"447","1954",45899,5.33333349227905,28.6666660308838,987.765991210938
"448","1954",74120,4.21666669845581,29.75,983.722839355469
"449","1954",133004,5.35833311080933,27.8333339691162,745.230346679688
"450","1954",45893,5.69999980926514,27.4166660308838,896.91748046875
"451","2034",22652,-1.40000009536743,63.8333320617676,2469.9228515625
"452","2034",22653,-1.40000009536743,63.8333320617676,2469.9228515625
"453","2034",22689,-1.40000009536743,63.8333320617676,2469.9228515625
"454","2034",22690,-1.40000009536743,63.8333320617676,2469.9228515625
"455","2034",53048,-1.40000009536743,63.8333320617676,2469.9228515625
"456","2034",220335,-1.40000009536743,63.8333320617676,2469.9228515625
"457","2034",NA,NA,NA,NA
"458","2034",NA,NA,NA,NA
"459","2034",NA,NA,NA,NA
"460","2034",NA,NA,NA,NA
"461","2034",NA,NA,NA,NA
"462","2034",NA,NA,NA,NA
"463","2034",NA,NA,NA,NA
"464","2034",NA,NA,NA,NA
"465","2034",NA,NA,NA,NA
"466","2034",NA,NA,NA,NA
"467","2034",NA,NA,NA,NA
"468","2034",NA,NA,NA,NA
"469","2034",NA,NA,NA,NA
"470","2034",NA,NA,NA,NA
"471","2034",NA,NA,NA,NA
"472","2034",NA,NA,NA,NA
"473","2034",NA,NA,NA,NA
"474","2034",NA,NA,NA,NA
"475","2034",NA,NA,NA,NA
"476","2034",NA,NA,NA,NA
"477","2034",NA,NA,NA,NA
"478","2034",NA,NA,NA,NA
"479","2034",NA,NA,NA,NA
"480","2034",NA,NA,NA,NA
"481","2035",142498,5.31666660308838,31.25,1241.34350585938
"482","2035",45680,5.18333339691162,31.4166660308838,1242.05993652344
"483","2035",22692,4.80833339691162,31.8333339691162,1342.54931640625
"484","2035",90189,1.24999988079071,48.3333320617676,2039.40686035156
"485","2035",196407,5.31666660308838,31.25,1241.34350585938
"486","2035",45681,5.31666660308838,31.25,1241.34350585938
"487","2035",64785,6.55833339691162,26.4166660308838,1142.46411132812
"488","2035",138980,6.81666660308838,26.9166660308838,1127.40539550781
"489","2035",62539,5.5,30,1278.39025878906
"490","2035",25658,5.61666679382324,31.0833339691162,1300.57531738281
"491","2035",47101,7.17500019073486,26.25,1093.607421875
"492","2035",53045,4.77500009536743,31.6666660308838,1347.01403808594
"493","2035",62541,4.77500009536743,31.6666660308838,1347.01403808594
"494","2035",53043,4.77500009536743,31.6666660308838,1347.01403808594
"495","2035",70051,5.26666641235352,31.3333339691162,1244.52001953125
"496","2035",50083,5.18333339691162,31.4166660308838,1242.05993652344
"497","2035",62540,7.15833330154419,26.3333339691162,1114.89282226562
"498","2035",53042,4.77500009536743,31.6666660308838,1347.01403808594
"499","2035",53047,4.77500009536743,31.6666660308838,1347.01403808594
"500","2035",52435,5.15833330154419,31.5,1247.7275390625
"501","2035",53996,7.15833330154419,26.6666660308838,1135.05993652344
"502","2035",22694,5.15833330154419,31.5,1247.7275390625
"503","2035",22691,6.78333330154419,28.5833339691162,1206.07141113281
"504","2035",142499,7.42500019073486,24.6666660308838,1010.07312011719
"505","2035",45682,5.11666679382324,31.25,1247.41748046875
"506","2035",142496,6.05833339691162,29.25,1286.04455566406
"507","2035",150977,7.17500019073486,26.4166660308838,1122.99060058594
"508","2035",53999,7.15833330154419,26.6666660308838,1135.05993652344
"509","2035",69931,6.78333330154419,27.1666660308838,1192.66516113281
"510","2035",53046,4.77500009536743,31.6666660308838,1347.01403808594
"511","2037",14435,5.48333358764648,26.3333339691162,914
"512","2037",14448,5.5,25.5,914
"513","2037",14449,5.45833349227905,26.3333339691162,898.936340332031
"514","2037",14450,5.5,25.5,914
"515","2037",14452,5.48333311080933,25.5833339691162,914
"516","2037",14460,5.38333320617676,25.75,914
"517","2037",14468,5.34166669845581,25.8333339691162,914.96826171875
"518","2037",14470,5.5,25.5,914
"519","2037",14482,5.5,25.5,914
"520","2037",14483,5.5,25.5,914
"521","2037",14491,5.5,25.5,914
"522","2037",14492,5.5,25.5,914
"523","2037",26779,5.50833320617676,26.1666660308838,914
"524","2037",50825,5.42500019073486,27.1666660308838,914
"525","2037",50826,5.5,27.8333339691162,1035.71728515625
"526","2037",50827,5.5,25.5,914
"527","2037",50828,5.5,25.5,914
"528","2037",50829,5.50833320617676,26.1666660308838,914
"529","2037",50830,5.5,25.5,849.243896484375
"530","2037",69152,5.60833311080933,25.8333339691162,914
"531","2037",77259,7.36666679382324,27.75,791.118957519531
"532","2037",140916,6.04166650772095,23.4166660308838,823
"533","2037",194654,5.75,25.0833339691162,858.168579101562
"534","2037",NA,NA,NA,NA
"535","2037",NA,NA,NA,NA
"536","2037",NA,NA,NA,NA
"537","2037",NA,NA,NA,NA
"538","2037",NA,NA,NA,NA
"539","2037",NA,NA,NA,NA
"540","2037",NA,NA,NA,NA
"541","2038",14445,6.375,26.0833339691162,795.682189941406
"542","2038",14459,6.39166688919067,26,793.372497558594
"543","2038",14461,6.39166688919067,26,793.372497558594
"544","2038",60518,6.29166650772095,25.6666660308838,791.001831054688
"545","2038",64788,6.0499997138977,24.4166660308838,824.147888183594
"546","2038",142328,6.05000019073486,26.4166660308838,841.59326171875
"547","2038",142506,6.05000019073486,26.4166660308838,841.59326171875
"548","2038",190394,6.28333330154419,25,792.933410644531
"549","2038",230102,6.63333320617676,25.9166660308838,786.808959960938
"550","2038",NA,NA,NA,NA
"551","2038",NA,NA,NA,NA
"552","2038",NA,NA,NA,NA
"553","2038",NA,NA,NA,NA
"554","2038",NA,NA,NA,NA
"555","2038",NA,NA,NA,NA
"556","2038",NA,NA,NA,NA
"557","2038",NA,NA,NA,NA
"558","2038",NA,NA,NA,NA
"559","2038",NA,NA,NA,NA
"560","2038",NA,NA,NA,NA
"561","2038",NA,NA,NA,NA
"562","2038",NA,NA,NA,NA
"563","2038",NA,NA,NA,NA
"564","2038",NA,NA,NA,NA
"565","2038",NA,NA,NA,NA
"566","2038",NA,NA,NA,NA
"567","2038",NA,NA,NA,NA
"568","2038",NA,NA,NA,NA
"569","2038",NA,NA,NA,NA
"570","2038",NA,NA,NA,NA
"571","2040",69281,6.19166660308838,26.25,752.783264160156
"572","2040",73891,5.88333320617676,26.4166660308838,778.526611328125
"573","2040",167804,6.4166669845581,25.5833339691162,683.863220214844
"574","2040",227264,6.19166660308838,26.25,752.783264160156
"575","2040",NA,NA,NA,NA
"576","2040",NA,NA,NA,NA
"577","2040",NA,NA,NA,NA
"578","2040",NA,NA,NA,NA
"579","2040",NA,NA,NA,NA
"580","2040",NA,NA,NA,NA
"581","2040",NA,NA,NA,NA
"582","2040",NA,NA,NA,NA
"583","2040",NA,NA,NA,NA
"584","2040",NA,NA,NA,NA
"585","2040",NA,NA,NA,NA
"586","2040",NA,NA,NA,NA
"587","2040",NA,NA,NA,NA
"588","2040",NA,NA,NA,NA
"589","2040",NA,NA,NA,NA
"590","2040",NA,NA,NA,NA
"591","2040",NA,NA,NA,NA
"592","2040",NA,NA,NA,NA
"593","2040",NA,NA,NA,NA
"594","2040",NA,NA,NA,NA
"595","2040",NA,NA,NA,NA
"596","2040",NA,NA,NA,NA
"597","2040",NA,NA,NA,NA
"598","2040",NA,NA,NA,NA
"599","2040",NA,NA,NA,NA
"600","2040",NA,NA,NA,NA
"601","2041",216964,6.09999990463257,24.8333339691162,678.556518554688
"602","2041",229345,6.09999990463257,24.8333339691162,678.556518554688
"603","2041",NA,NA,NA,NA
"604","2041",NA,NA,NA,NA
"605","2041",NA,NA,NA,NA
"606","2041",NA,NA,NA,NA
"607","2041",NA,NA,NA,NA
"608","2041",NA,NA,NA,NA
"609","2041",NA,NA,NA,NA
"610","2041",NA,NA,NA,NA
"611","2041",NA,NA,NA,NA
"612","2041",NA,NA,NA,NA
"613","2041",NA,NA,NA,NA
"614","2041",NA,NA,NA,NA
"615","2041",NA,NA,NA,NA
"616","2041",NA,NA,NA,NA
"617","2041",NA,NA,NA,NA
"618","2041",NA,NA,NA,NA
"619","2041",NA,NA,NA,NA
"620","2041",NA,NA,NA,NA
"621","2041",NA,NA,NA,NA
"622","2041",NA,NA,NA,NA
"623","2041",NA,NA,NA,NA
"624","2041",NA,NA,NA,NA
"625","2041",NA,NA,NA,NA
"626","2041",NA,NA,NA,NA
"627","2041",NA,NA,NA,NA
"628","2041",NA,NA,NA,NA
"629","2041",NA,NA,NA,NA
"630","2041",NA,NA,NA,NA
"631","2118",13281,7.46666669845581,22.9166660308838,1159.77758789062
"632","2118",13282,7.46666669845581,22.9166660308838,1159.77758789062
"633","2118",14453,2.8916666507721,38.8333320617676,1789.34265136719
"634","2118",26775,7.5833330154419,25.0833339691162,1220.54431152344
"635","2118",36608,7.46666669845581,22.9166660308838,1159.77758789062
"636","2118",36934,7.46666669845581,22.9166660308838,1159.77758789062
"637","2118",53055,7.59166669845581,22.9166660308838,1159.11083984375
"638","2118",53056,7.59166669845581,22.9166660308838,1159.11083984375
"639","2118",53057,7.59166669845581,22.9166660308838,1159.11083984375
"640","2118",53058,7.59166669845581,22.9166660308838,1159.11083984375
"641","2118",55324,7,30.0833339691162,1341.19482421875
"642","2118",61843,6.875,25.5,1195.29370117188
"643","2118",64789,5.35833358764648,33.8333320617676,1486.91284179688
"644","2118",68045,7.70833349227905,23.5833339691162,1161.77307128906
"645","2118",94368,7.125,26.9166660308838,1331.19006347656
"646","2118",100851,7.45833349227905,23.0833339691162,1169.64611816406
"647","2118",102177,7.125,26.9166660308838,1331.19006347656
"648","2118",102178,7.125,26.9166660308838,1331.19006347656
"649","2118",102179,7.125,26.9166660308838,1331.19006347656
"650","2118",102180,7.125,26.9166660308838,1331.19006347656
"651","2118",102181,7.125,26.9166660308838,1331.19006347656
"652","2118",102182,7.125,26.9166660308838,1331.19006347656
"653","2118",120363,7.4500002861023,26.25,1277.46643066406
"654","2118",150896,6.5,30.25,1354.02124023438
"655","2118",184945,7,30.0833339691162,1341.19482421875
"656","2118",219741,6.64166641235352,30.1666660308838,1387.6201171875
"657","2118",219742,7.5833330154419,25.0833339691162,1220.54431152344
"658","2118",219743,7.5833330154419,25.0833339691162,1220.54431152344
"659","2118",223339,7.5833330154419,25.0833339691162,1220.54431152344
"660","2118",NA,NA,NA,NA
"661","2120",14432,7.30833339691162,38.5833320617676,977.9599609375
"662","2120",128455,7.30000019073486,32.1666679382324,907.238342285156
"663","2120",NA,NA,NA,NA
"664","2120",NA,NA,NA,NA
"665","2120",NA,NA,NA,NA
"666","2120",NA,NA,NA,NA
"667","2120",NA,NA,NA,NA
"668","2120",NA,NA,NA,NA
"669","2120",NA,NA,NA,NA
"670","2120",NA,NA,NA,NA
"671","2120",NA,NA,NA,NA
"672","2120",NA,NA,NA,NA
"673","2120",NA,NA,NA,NA
"674","2120",NA,NA,NA,NA
"675","2120",NA,NA,NA,NA
"676","2120",NA,NA,NA,NA
"677","2120",NA,NA,NA,NA
"678","2120",NA,NA,NA,NA
"679","2120",NA,NA,NA,NA
"680","2120",NA,NA,NA,NA
"681","2120",NA,NA,NA,NA
"682","2120",NA,NA,NA,NA
"683","2120",NA,NA,NA,NA
"684","2120",NA,NA,NA,NA
"685","2120",NA,NA,NA,NA
"686","2120",NA,NA,NA,NA
"687","2120",NA,NA,NA,NA
"688","2120",NA,NA,NA,NA
"689","2120",NA,NA,NA,NA
"690","2120",NA,NA,NA,NA
"691","2121",14446,6.57499980926514,29.9166660308838,982.57080078125
"692","2121",14447,6.64166641235352,29.9166660308838,974.062438964844
"693","2121",46121,7.59166669845581,26.8333339691162,756.219543457031
"694","2121",46124,7.59166669845581,26.8333339691162,756.219543457031
"695","2121",48620,7.11666679382324,28.6666660308838,887.216064453125
"696","2121",55274,6.64166641235352,32.5833320617676,1028.03356933594
"697","2121",69213,7.36666679382324,27.4166660308838,791.414855957031
"698","2121",69624,7.29166650772095,30.6666660308838,968.9365234375
"699","2121",142495,6.15833330154419,30.75,1047.42419433594
"700","2121",156538,7.36666679382324,27.4166660308838,791.414855957031
"701","2121",228490,7.59166669845581,26.8333339691162,756.219543457031
"702","2121",230098,6.48333311080933,32.8333320617676,1016.47271728516
"703","2121",NA,NA,NA,NA
"704","2121",NA,NA,NA,NA
"705","2121",NA,NA,NA,NA
"706","2121",NA,NA,NA,NA
"707","2121",NA,NA,NA,NA
"708","2121",NA,NA,NA,NA
"709","2121",NA,NA,NA,NA
"710","2121",NA,NA,NA,NA
"711","2121",NA,NA,NA,NA
"712","2121",NA,NA,NA,NA
"713","2121",NA,NA,NA,NA
"714","2121",NA,NA,NA,NA
"715","2121",NA,NA,NA,NA
"716","2121",NA,NA,NA,NA
"717","2121",NA,NA,NA,NA
"718","2121",NA,NA,NA,NA
"719","2121",NA,NA,NA,NA
"720","2121",NA,NA,NA,NA
"721","2122",23549,7.68333339691162,27.0833339691162,718.764099121094
"722","2122",23551,7.38333320617676,27.8333339691162,808.486083984375
"723","2122",46122,7.74166679382324,26.4166660308838,714.802673339844
"724","2122",46123,7.15833330154419,29,842.807250976562
"725","2122",49001,7.48333311080933,27.1666660308838,759.748168945312
"726","2122",58156,7.74166679382324,26.4166660308838,714.802673339844
"727","2122",64643,7.74166679382324,26.4166660308838,714.802673339844
"728","2122",177030,7.48333311080933,27.1666660308838,759.748168945312
"729","2122",206062,7.28333330154419,28.0833339691162,895.291076660156
"730","2122",NA,NA,NA,NA
"731","2122",NA,NA,NA,NA
"732","2122",NA,NA,NA,NA
"733","2122",NA,NA,NA,NA
"734","2122",NA,NA,NA,NA
"735","2122",NA,NA,NA,NA
"736","2122",NA,NA,NA,NA
"737","2122",NA,NA,NA,NA
"738","2122",NA,NA,NA,NA
"739","2122",NA,NA,NA,NA
"740","2122",NA,NA,NA,NA
"741","2122",NA,NA,NA,NA
"742","2122",NA,NA,NA,NA
"743","2122",NA,NA,NA,NA
"744","2122",NA,NA,NA,NA
"745","2122",NA,NA,NA,NA
"746","2122",NA,NA,NA,NA
"747","2122",NA,NA,NA,NA
"748","2122",NA,NA,NA,NA
"749","2122",NA,NA,NA,NA
"750","2122",NA,NA,NA,NA
"751","2124",57142,7.53333330154419,26.6666660308838,704.231872558594
"752","2124",194178,7.64999961853027,26.0833339691162,685
"753","2124",NA,NA,NA,NA
"754","2124",NA,NA,NA,NA
"755","2124",NA,NA,NA,NA
"756","2124",NA,NA,NA,NA
"757","2124",NA,NA,NA,NA
"758","2124",NA,NA,NA,NA
"759","2124",NA,NA,NA,NA
"760","2124",NA,NA,NA,NA
"761","2124",NA,NA,NA,NA
"762","2124",NA,NA,NA,NA
"763","2124",NA,NA,NA,NA
"764","2124",NA,NA,NA,NA
"765","2124",NA,NA,NA,NA
"766","2124",NA,NA,NA,NA
"767","2124",NA,NA,NA,NA
"768","2124",NA,NA,NA,NA
"769","2124",NA,NA,NA,NA
"770","2124",NA,NA,NA,NA
"771","2124",NA,NA,NA,NA
"772","2124",NA,NA,NA,NA
"773","2124",NA,NA,NA,NA
"774","2124",NA,NA,NA,NA
"775","2124",NA,NA,NA,NA
"776","2124",NA,NA,NA,NA
"777","2124",NA,NA,NA,NA
"778","2124",NA,NA,NA,NA
"779","2124",NA,NA,NA,NA
"780","2124",NA,NA,NA,NA
"781","2204",14434,7.04166650772095,26.1666660308838,1246.55871582031
"782","2204",14437,7.03333330154419,27.25,1224.84484863281
"783","2204",14457,6.88333320617676,30.4166660308838,1273.53295898438
"784","2204",14462,6.9500002861023,26.8333339691162,1245.89428710938
"785","2204",14490,6.88333320617676,30.4166660308838,1273.53295898438
"786","2204",50906,7.03333330154419,27.25,1224.84484863281
"787","2204",50907,7.09166669845581,28.5,1241.31640625
"788","2204",50909,6.91666650772095,30.3333339691162,1278.671875
"789","2204",51682,6.93333339691162,29.3333339691162,1276.75
"790","2204",61452,7.09999990463257,28.6666660308838,1279.0693359375
"791","2204",62723,7.44166660308838,26.6666660308838,1158
"792","2204",142510,7.16666650772095,27.6666660308838,1245.55004882812
"793","2204",142511,7.44166660308838,26.6666660308838,1158
"794","2204",177026,7.16666650772095,27.6666660308838,1245.55004882812
"795","2204",177027,6.88333320617676,30.4166660308838,1273.53295898438
"796","2204",222122,7.5,26.8333339691162,1148.64147949219
"797","2204",NA,NA,NA,NA
"798","2204",NA,NA,NA,NA
"799","2204",NA,NA,NA,NA
"800","2204",NA,NA,NA,NA
"801","2204",NA,NA,NA,NA
"802","2204",NA,NA,NA,NA
"803","2204",NA,NA,NA,NA
"804","2204",NA,NA,NA,NA
"805","2204",NA,NA,NA,NA
"806","2204",NA,NA,NA,NA
"807","2204",NA,NA,NA,NA
"808","2204",NA,NA,NA,NA
"809","2204",NA,NA,NA,NA
"810","2204",NA,NA,NA,NA
"811","2205",51683,7.58333349227905,27.6666660308838,1108.91333007812
"812","2205",167800,8.10833358764648,28.8333339691162,874.312377929688
"813","2205",167801,8.10833358764648,28.8333339691162,874.312377929688
"814","2205",167802,8.10833358764648,28.8333339691162,874.312377929688
"815","2205",NA,NA,NA,NA
"816","2205",NA,NA,NA,NA
"817","2205",NA,NA,NA,NA
"818","2205",NA,NA,NA,NA
"819","2205",NA,NA,NA,NA
"820","2205",NA,NA,NA,NA
"821","2205",NA,NA,NA,NA
"822","2205",NA,NA,NA,NA
"823","2205",NA,NA,NA,NA
"824","2205",NA,NA,NA,NA
"825","2205",NA,NA,NA,NA
"826","2205",NA,NA,NA,NA
"827","2205",NA,NA,NA,NA
"828","2205",NA,NA,NA,NA
"829","2205",NA,NA,NA,NA
"830","2205",NA,NA,NA,NA
"831","2205",NA,NA,NA,NA
"832","2205",NA,NA,NA,NA
"833","2205",NA,NA,NA,NA
"834","2205",NA,NA,NA,NA
"835","2205",NA,NA,NA,NA
"836","2205",NA,NA,NA,NA
"837","2205",NA,NA,NA,NA
"838","2205",NA,NA,NA,NA
"839","2205",NA,NA,NA,NA
"840","2205",NA,NA,NA,NA
"841","2286",167423,5.82499980926514,39.25,1653.99499511719
"842","2286",167468,4.49166679382324,39,1815.02648925781
"843","2286",NA,NA,NA,NA
"844","2286",NA,NA,NA,NA
"845","2286",NA,NA,NA,NA
"846","2286",NA,NA,NA,NA
"847","2286",NA,NA,NA,NA
"848","2286",NA,NA,NA,NA
"849","2286",NA,NA,NA,NA
"850","2286",NA,NA,NA,NA
"851","2286",NA,NA,NA,NA
"852","2286",NA,NA,NA,NA
"853","2286",NA,NA,NA,NA
"854","2286",NA,NA,NA,NA
"855","2286",NA,NA,NA,NA
"856","2286",NA,NA,NA,NA
"857","2286",NA,NA,NA,NA
"858","2286",NA,NA,NA,NA
"859","2286",NA,NA,NA,NA
"860","2286",NA,NA,NA,NA
"861","2286",NA,NA,NA,NA
"862","2286",NA,NA,NA,NA
"863","2286",NA,NA,NA,NA
"864","2286",NA,NA,NA,NA
"865","2286",NA,NA,NA,NA
"866","2286",NA,NA,NA,NA
"867","2286",NA,NA,NA,NA
"868","2286",NA,NA,NA,NA
"869","2286",NA,NA,NA,NA
"870","2286",NA,NA,NA,NA
"871","2292",142509,7.14166688919067,31.0833339691162,1018.87432861328
"872","2292",142512,7.36666679382324,28.8333339691162,1028.76843261719
"873","2292",NA,NA,NA,NA
"874","2292",NA,NA,NA,NA
"875","2292",NA,NA,NA,NA
"876","2292",NA,NA,NA,NA
"877","2292",NA,NA,NA,NA
"878","2292",NA,NA,NA,NA
"879","2292",NA,NA,NA,NA
"880","2292",NA,NA,NA,NA
"881","2292",NA,NA,NA,NA
"882","2292",NA,NA,NA,NA
"883","2292",NA,NA,NA,NA
"884","2292",NA,NA,NA,NA
"885","2292",NA,NA,NA,NA
"886","2292",NA,NA,NA,NA
"887","2292",NA,NA,NA,NA
"888","2292",NA,NA,NA,NA
"889","2292",NA,NA,NA,NA
"890","2292",NA,NA,NA,NA
"891","2292",NA,NA,NA,NA
"892","2292",NA,NA,NA,NA
"893","2292",NA,NA,NA,NA
"894","2292",NA,NA,NA,NA
"895","2292",NA,NA,NA,NA
"896","2292",NA,NA,NA,NA
"897","2292",NA,NA,NA,NA
"898","2292",NA,NA,NA,NA
"899","2292",NA,NA,NA,NA
"900","2292",NA,NA,NA,NA
"901","2369",165886,0.850000023841858,54.6666679382324,2498.16870117188
"902","2369",165887,-0.616666674613953,53.3333320617676,2891.72583007812
"903","2369",NA,NA,NA,NA
"904","2369",NA,NA,NA,NA
"905","2369",NA,NA,NA,NA
"906","2369",NA,NA,NA,NA
"907","2369",NA,NA,NA,NA
"908","2369",NA,NA,NA,NA
"909","2369",NA,NA,NA,NA
"910","2369",NA,NA,NA,NA
"911","2369",NA,NA,NA,NA
"912","2369",NA,NA,NA,NA
"913","2369",NA,NA,NA,NA
"914","2369",NA,NA,NA,NA
"915","2369",NA,NA,NA,NA
"916","2369",NA,NA,NA,NA
"917","2369",NA,NA,NA,NA
"918","2369",NA,NA,NA,NA
"919","2369",NA,NA,NA,NA
"920","2369",NA,NA,NA,NA
"921","2369",NA,NA,NA,NA
"922","2369",NA,NA,NA,NA
"923","2369",NA,NA,NA,NA
"924","2369",NA,NA,NA,NA
"925","2369",NA,NA,NA,NA
"926","2369",NA,NA,NA,NA
"927","2369",NA,NA,NA,NA
"928","2369",NA,NA,NA,NA
"929","2369",NA,NA,NA,NA
"930","2369",NA,NA,NA,NA
"931","2372",14439,7.28333330154419,20.6666660308838,1407.66369628906
"932","2372",14440,7.28333330154419,20.6666660308838,1407.66369628906
"933","2372",14465,7.34999990463257,20.5,1400.41357421875
"934","2372",14473,7.28333330154419,20.6666660308838,1407.66369628906
"935","2372",14477,7.28333330154419,20.6666660308838,1407.66369628906
"936","2372",14478,7.4500002861023,19.3333339691162,1360.69152832031
"937","2372",14479,7.50833320617676,19.4166660308838,1355.45092773438
"938","2372",14480,7.50833320617676,19.4166660308838,1355.45092773438
"939","2372",14486,7.28333330154419,20.6666660308838,1407.66369628906
"940","2372",14487,7.28333330154419,20.6666660308838,1407.66369628906
"941","2372",NA,NA,NA,NA
"942","2372",NA,NA,NA,NA
"943","2372",NA,NA,NA,NA
"944","2372",NA,NA,NA,NA
"945","2372",NA,NA,NA,NA
"946","2372",NA,NA,NA,NA
"947","2372",NA,NA,NA,NA
"948","2372",NA,NA,NA,NA
"949","2372",NA,NA,NA,NA
"950","2372",NA,NA,NA,NA
"951","2372",NA,NA,NA,NA
"952","2372",NA,NA,NA,NA
"953","2372",NA,NA,NA,NA
"954","2372",NA,NA,NA,NA
"955","2372",NA,NA,NA,NA
"956","2372",NA,NA,NA,NA
"957","2372",NA,NA,NA,NA
"958","2372",NA,NA,NA,NA
"959","2372",NA,NA,NA,NA
"960","2372",NA,NA,NA,NA
"961","2452",50305,1.52500009536743,52.0833320617676,2249.26635742188
"962","2452",50306,1.92500007152557,47.8333320617676,2077.2861328125
"963","2452",165881,0.633333265781403,45.4166679382324,2526.46557617188
"964","2452",NA,NA,NA,NA
"965","2452",NA,NA,NA,NA
"966","2452",NA,NA,NA,NA
"967","2452",NA,NA,NA,NA
"968","2452",NA,NA,NA,NA
"969","2452",NA,NA,NA,NA
"970","2452",NA,NA,NA,NA
"971","2452",NA,NA,NA,NA
"972","2452",NA,NA,NA,NA
"973","2452",NA,NA,NA,NA
"974","2452",NA,NA,NA,NA
"975","2452",NA,NA,NA,NA
"976","2452",NA,NA,NA,NA
"977","2452",NA,NA,NA,NA
"978","2452",NA,NA,NA,NA
"979","2452",NA,NA,NA,NA
"980","2452",NA,NA,NA,NA
"981","2452",NA,NA,NA,NA
"982","2452",NA,NA,NA,NA
"983","2452",NA,NA,NA,NA
"984","2452",NA,NA,NA,NA
"985","2452",NA,NA,NA,NA
"986","2452",NA,NA,NA,NA
"987","2452",NA,NA,NA,NA
"988","2452",NA,NA,NA,NA
"989","2452",NA,NA,NA,NA
"990","2452",NA,NA,NA,NA
"991","2454",14469,7.10833311080933,21.5833339691162,1524.6865234375
"992","2454",179275,6.15000009536743,21.25,1869.1806640625
"993","2454",NA,NA,NA,NA
"994","2454",NA,NA,NA,NA
"995","2454",NA,NA,NA,NA
"996","2454",NA,NA,NA,NA
"997","2454",NA,NA,NA,NA
"998","2454",NA,NA,NA,NA
"999","2454",NA,NA,NA,NA
"1000","2454",NA,NA,NA,NA
"1001","2454",NA,NA,NA,NA
"1002","2454",NA,NA,NA,NA
"1003","2454",NA,NA,NA,NA
"1004","2454",NA,NA,NA,NA
"1005","2454",NA,NA,NA,NA
"1006","2454",NA,NA,NA,NA
"1007","2454",NA,NA,NA,NA
"1008","2454",NA,NA,NA,NA
"1009","2454",NA,NA,NA,NA
"1010","2454",NA,NA,NA,NA
"1011","2454",NA,NA,NA,NA
"1012","2454",NA,NA,NA,NA
"1013","2454",NA,NA,NA,NA
"1014","2454",NA,NA,NA,NA
"1015","2454",NA,NA,NA,NA
"1016","2454",NA,NA,NA,NA
"1017","2454",NA,NA,NA,NA
"1018","2454",NA,NA,NA,NA
"1019","2454",NA,NA,NA,NA
"1020","2454",NA,NA,NA,NA
"1021","2455",14431,7.53333330154419,17.75,1254.73596191406
"1022","2455",14433,6.33333349227905,23.5,1859.2646484375
"1023","2455",NA,NA,NA,NA
"1024","2455",NA,NA,NA,NA
"1025","2455",NA,NA,NA,NA
"1026","2455",NA,NA,NA,NA
"1027","2455",NA,NA,NA,NA
"1028","2455",NA,NA,NA,NA
"1029","2455",NA,NA,NA,NA
"1030","2455",NA,NA,NA,NA
"1031","2455",NA,NA,NA,NA
"1032","2455",NA,NA,NA,NA
"1033","2455",NA,NA,NA,NA
"1034","2455",NA,NA,NA,NA
"1035","2455",NA,NA,NA,NA
"1036","2455",NA,NA,NA,NA
"1037","2455",NA,NA,NA,NA
"1038","2455",NA,NA,NA,NA
"1039","2455",NA,NA,NA,NA
"1040","2455",NA,NA,NA,NA
"1041","2455",NA,NA,NA,NA
"1042","2455",NA,NA,NA,NA
"1043","2455",NA,NA,NA,NA
"1044","2455",NA,NA,NA,NA
"1045","2455",NA,NA,NA,NA
"1046","2455",NA,NA,NA,NA
"1047","2455",NA,NA,NA,NA
"1048","2455",NA,NA,NA,NA
"1049","2455",NA,NA,NA,NA
"1050","2455",NA,NA,NA,NA
"1051","2619",45860,4.51666641235352,17,2081.75659179688
"1052","2619",45861,5.92500019073486,16.5833339691162,1949.67272949219
"1053","2619",45862,5.55000019073486,16.5,2009.00634765625
"1054","2619",45866,5.27500009536743,16.4166660308838,2011.95788574219
"1055","2619",45867,5.84999990463257,16.6666660308838,1944.1357421875
"1056","2619",45868,5.78333330154419,16.5,1978.19311523438
"1057","2619",45869,5.90000009536743,16.25,1937.39221191406
"1058","2619",NA,NA,NA,NA
"1059","2619",NA,NA,NA,NA
"1060","2619",NA,NA,NA,NA
"1061","2619",NA,NA,NA,NA
"1062","2619",NA,NA,NA,NA
"1063","2619",NA,NA,NA,NA
"1064","2619",NA,NA,NA,NA
"1065","2619",NA,NA,NA,NA
"1066","2619",NA,NA,NA,NA
"1067","2619",NA,NA,NA,NA
"1068","2619",NA,NA,NA,NA
"1069","2619",NA,NA,NA,NA
"1070","2619",NA,NA,NA,NA
"1071","2619",NA,NA,NA,NA
"1072","2619",NA,NA,NA,NA
"1073","2619",NA,NA,NA,NA
"1074","2619",NA,NA,NA,NA
"1075","2619",NA,NA,NA,NA
"1076","2619",NA,NA,NA,NA
"1077","2619",NA,NA,NA,NA
"1078","2619",NA,NA,NA,NA
"1079","2619",NA,NA,NA,NA
"1080","2619",NA,NA,NA,NA
"1081","2620",45863,5.19166660308838,16.4166660308838,2063.7783203125
"1082","2620",45865,5.04166650772095,16.9166660308838,2091.31591796875
"1083","2620",61848,5.25,16.4166660308838,2049.87841796875
"1084","2620",NA,NA,NA,NA
"1085","2620",NA,NA,NA,NA
"1086","2620",NA,NA,NA,NA
"1087","2620",NA,NA,NA,NA
"1088","2620",NA,NA,NA,NA
"1089","2620",NA,NA,NA,NA
"1090","2620",NA,NA,NA,NA
"1091","2620",NA,NA,NA,NA
"1092","2620",NA,NA,NA,NA
"1093","2620",NA,NA,NA,NA
"1094","2620",NA,NA,NA,NA
"1095","2620",NA,NA,NA,NA
"1096","2620",NA,NA,NA,NA
"1097","2620",NA,NA,NA,NA
"1098","2620",NA,NA,NA,NA
"1099","2620",NA,NA,NA,NA
"1100","2620",NA,NA,NA,NA
"1101","2620",NA,NA,NA,NA
"1102","2620",NA,NA,NA,NA
"1103","2620",NA,NA,NA,NA
"1104","2620",NA,NA,NA,NA
"1105","2620",NA,NA,NA,NA
"1106","2620",NA,NA,NA,NA
"1107","2620",NA,NA,NA,NA
"1108","2620",NA,NA,NA,NA
"1109","2620",NA,NA,NA,NA
"1110","2620",NA,NA,NA,NA
"1111","2703",64640,6.63333320617676,23.75,1874.41149902344
"1112","2703",76715,8.50833320617676,22.9166660308838,1706.81640625
"1113","2703",167302,8.50833320617676,22.9166660308838,1706.81640625
"1114","2703",NA,NA,NA,NA
"1115","2703",NA,NA,NA,NA
"1116","2703",NA,NA,NA,NA
"1117","2703",NA,NA,NA,NA
"1118","2703",NA,NA,NA,NA
"1119","2703",NA,NA,NA,NA
"1120","2703",NA,NA,NA,NA
"1121","2703",NA,NA,NA,NA
"1122","2703",NA,NA,NA,NA
"1123","2703",NA,NA,NA,NA
"1124","2703",NA,NA,NA,NA
"1125","2703",NA,NA,NA,NA
"1126","2703",NA,NA,NA,NA
"1127","2703",NA,NA,NA,NA
"1128","2703",NA,NA,NA,NA
"1129","2703",NA,NA,NA,NA
"1130","2703",NA,NA,NA,NA
"1131","2703",NA,NA,NA,NA
"1132","2703",NA,NA,NA,NA
"1133","2703",NA,NA,NA,NA
"1134","2703",NA,NA,NA,NA
"1135","2703",NA,NA,NA,NA
"1136","2703",NA,NA,NA,NA
"1137","2703",NA,NA,NA,NA
"1138","2703",NA,NA,NA,NA
"1139","2703",NA,NA,NA,NA
"1140","2703",NA,NA,NA,NA
"1141","2784",48548,7.63333320617676,26,1985.94799804688
"1142","2784",71435,6.85833358764648,27.75,2145.005859375
"1143","2784",71436,7.63333320617676,26,1985.94799804688
"1144","2784",86842,7.5750002861023,25.8333339691162,1944.22595214844
"1145","2784",188547,5.48333311080933,29.5,2382.17138671875
"1146","2784",NA,NA,NA,NA
"1147","2784",NA,NA,NA,NA
"1148","2784",NA,NA,NA,NA
"1149","2784",NA,NA,NA,NA
"1150","2784",NA,NA,NA,NA
"1151","2784",NA,NA,NA,NA
"1152","2784",NA,NA,NA,NA
"1153","2784",NA,NA,NA,NA
"1154","2784",NA,NA,NA,NA
"1155","2784",NA,NA,NA,NA
"1156","2784",NA,NA,NA,NA
"1157","2784",NA,NA,NA,NA
"1158","2784",NA,NA,NA,NA
"1159","2784",NA,NA,NA,NA
"1160","2784",NA,NA,NA,NA
"1161","2784",NA,NA,NA,NA
"1162","2784",NA,NA,NA,NA
"1163","2784",NA,NA,NA,NA
"1164","2784",NA,NA,NA,NA
"1165","2784",NA,NA,NA,NA
"1166","2784",NA,NA,NA,NA
"1167","2784",NA,NA,NA,NA
"1168","2784",NA,NA,NA,NA
"1169","2784",NA,NA,NA,NA
"1170","2784",NA,NA,NA,NA
"1171","2786",215635,6.81666660308838,30.1666660308838,1917.91320800781
"1172","2786",229346,6.81666660308838,30.1666660308838,1917.91320800781
"1173","2786",NA,NA,NA,NA
"1174","2786",NA,NA,NA,NA
"1175","2786",NA,NA,NA,NA
"1176","2786",NA,NA,NA,NA
"1177","2786",NA,NA,NA,NA
"1178","2786",NA,NA,NA,NA
"1179","2786",NA,NA,NA,NA
"1180","2786",NA,NA,NA,NA
"1181","2786",NA,NA,NA,NA
"1182","2786",NA,NA,NA,NA
"1183","2786",NA,NA,NA,NA
"1184","2786",NA,NA,NA,NA
"1185","2786",NA,NA,NA,NA
"1186","2786",NA,NA,NA,NA
"1187","2786",NA,NA,NA,NA
"1188","2786",NA,NA,NA,NA
"1189","2786",NA,NA,NA,NA
"1190","2786",NA,NA,NA,NA
"1191","2786",NA,NA,NA,NA
"1192","2786",NA,NA,NA,NA
"1193","2786",NA,NA,NA,NA
"1194","2786",NA,NA,NA,NA
"1195","2786",NA,NA,NA,NA
"1196","2786",NA,NA,NA,NA
"1197","2786",NA,NA,NA,NA
"1198","2786",NA,NA,NA,NA
"1199","2786",NA,NA,NA,NA
"1200","2786",NA,NA,NA,NA
"1201","2787",45870,5.33333301544189,35.25,2224.62841796875
"1202","2787",64641,5.33333301544189,35.25,2224.62841796875
"1203","2787",NA,NA,NA,NA
"1204","2787",NA,NA,NA,NA
"1205","2787",NA,NA,NA,NA
"1206","2787",NA,NA,NA,NA
"1207","2787",NA,NA,NA,NA
"1208","2787",NA,NA,NA,NA
"1209","2787",NA,NA,NA,NA
"1210","2787",NA,NA,NA,NA
"1211","2787",NA,NA,NA,NA
"1212","2787",NA,NA,NA,NA
"1213","2787",NA,NA,NA,NA
"1214","2787",NA,NA,NA,NA
"1215","2787",NA,NA,NA,NA
"1216","2787",NA,NA,NA,NA
"1217","2787",NA,NA,NA,NA
"1218","2787",NA,NA,NA,NA
"1219","2787",NA,NA,NA,NA
"1220","2787",NA,NA,NA,NA
"1221","2787",NA,NA,NA,NA
"1222","2787",NA,NA,NA,NA
"1223","2787",NA,NA,NA,NA
"1224","2787",NA,NA,NA,NA
"1225","2787",NA,NA,NA,NA
"1226","2787",NA,NA,NA,NA
"1227","2787",NA,NA,NA,NA
"1228","2787",NA,NA,NA,NA
"1229","2787",NA,NA,NA,NA
"1230","2787",NA,NA,NA,NA
"1231","2948",14421,4.05833339691162,41.5833320617676,2691.08862304688
"1232","2948",14430,3.71666669845581,42.8333320617676,2758.12719726562
"1233","2948",14474,4.78333330154419,33.5833320617676,2477.67236328125
"1234","2948",61844,6.89166688919067,25.3333339691162,2175.04296875
"1235","2948",75849,10.8249998092651,32.75,1754.79382324219
"1236","2948",75850,10.8249998092651,32.75,1754.79382324219
"1237","2948",187675,7.08333349227905,28.3333339691162,2252.56030273438
"1238","2948",187702,8.55833339691162,31.9166660308838,2023.95654296875
"1239","2948",187703,8.55833339691162,31.9166660308838,2023.95654296875
"1240","2948",187704,8.55833339691162,31.9166660308838,2023.95654296875
"1241","2948",187705,8.55833339691162,31.9166660308838,2023.95654296875
"1242","2948",187706,8.55833339691162,31.9166660308838,2023.95654296875
"1243","2948",187707,8.55833339691162,31.9166660308838,2023.95654296875
"1244","2948",187708,8.55833339691162,31.9166660308838,2023.95654296875
"1245","2948",187714,8.55833339691162,31.9166660308838,2023.95654296875
"1246","2948",187715,8.55833339691162,31.9166660308838,2023.95654296875
"1247","2948",190353,8.69999980926514,21.8333339691162,1959.60827636719
"1248","2948",190747,8.55833339691162,31.9166660308838,2023.95654296875
"1249","2948",192259,8.69999980926514,21.8333339691162,1959.60827636719
"1250","2948",192260,8.69999980926514,21.8333339691162,1959.60827636719
"1251","2948",192261,8.69999980926514,21.8333339691162,1959.60827636719
"1252","2948",192263,8.69999980926514,21.8333339691162,1959.60827636719
"1253","2948",NA,NA,NA,NA
"1254","2948",NA,NA,NA,NA
"1255","2948",NA,NA,NA,NA
"1256","2948",NA,NA,NA,NA
"1257","2948",NA,NA,NA,NA
"1258","2948",NA,NA,NA,NA
"1259","2948",NA,NA,NA,NA
"1260","2948",NA,NA,NA,NA
"1261","2949",187711,10.4250001907349,18.5833339691162,1875.60437011719
"1262","2949",192254,9.53333377838135,20,1905.01989746094
"1263","2949",187663,8.44999980926514,23.0833339691162,2034.02685546875
"1264","2949",187694,10.7250003814697,20.5,1751.80114746094
"1265","2949",187692,10.7250003814697,20.5,1751.80114746094
"1266","2949",75847,9.53333377838135,20,1905.01989746094
"1267","2949",205766,9.19166660308838,22.3333339691162,1953.75598144531
"1268","2949",196592,11.2583332061768,17.5833339691162,1702.73669433594
"1269","2949",187670,9.75833320617676,19.6666660308838,1818.18371582031
"1270","2949",187709,7.625,23.75,2090.05053710938
"1271","2949",187712,10.4250001907349,18.5833339691162,1875.60437011719
"1272","2949",187684,10.7250003814697,20.5,1751.80114746094
"1273","2949",217077,9.69166660308838,21.75,1973.37512207031
"1274","2949",187687,10.7250003814697,20.5,1751.80114746094
"1275","2949",75836,10.6833333969116,20.4166660308838,1746.77380371094
"1276","2949",187680,9.72499942779541,22.1666660308838,2036.53259277344
"1277","2949",187681,9.72499942779541,22.1666660308838,2036.53259277344
"1278","2949",187696,9.75833320617676,19.6666660308838,1818.18371582031
"1279","2949",178847,9.69166660308838,21.75,1973.37512207031
"1280","2949",187655,10.7250003814697,20.5,1751.80114746094
"1281","2949",14467,9.53333377838135,20,1905.01989746094
"1282","2949",187677,9.75833320617676,19.6666660308838,1818.18371582031
"1283","2949",187699,9.75833320617676,19.6666660308838,1818.18371582031
"1284","2949",14429,12.158332824707,16.1666660308838,1602.912109375
"1285","2949",187682,10.7250003814697,20.5,1751.80114746094
"1286","2949",187667,9.75833320617676,19.6666660308838,1818.18371582031
"1287","2949",197478,8.44999980926514,23.0833339691162,2034.02685546875
"1288","2949",52060,6.88333320617676,24.5,2184.03247070312
"1289","2949",75845,12.158332824707,16.1666660308838,1602.912109375
"1290","2949",97800,7.99166631698608,25.0833339691162,2129.84936523438
"1291","2950",47822,14.0416669845581,13.0833330154419,1231.51525878906
"1292","2950",52036,10.216667175293,22.9166660308838,1971.79711914062
"1293","2950",NA,NA,NA,NA
"1294","2950",NA,NA,NA,NA
"1295","2950",NA,NA,NA,NA
"1296","2950",NA,NA,NA,NA
"1297","2950",NA,NA,NA,NA
"1298","2950",NA,NA,NA,NA
"1299","2950",NA,NA,NA,NA
"1300","2950",NA,NA,NA,NA
"1301","2950",NA,NA,NA,NA
"1302","2950",NA,NA,NA,NA
"1303","2950",NA,NA,NA,NA
"1304","2950",NA,NA,NA,NA
"1305","2950",NA,NA,NA,NA
"1306","2950",NA,NA,NA,NA
"1307","2950",NA,NA,NA,NA
"1308","2950",NA,NA,NA,NA
"1309","2950",NA,NA,NA,NA
"1310","2950",NA,NA,NA,NA
"1311","2950",NA,NA,NA,NA
"1312","2950",NA,NA,NA,NA
"1313","2950",NA,NA,NA,NA
"1314","2950",NA,NA,NA,NA
"1315","2950",NA,NA,NA,NA
"1316","2950",NA,NA,NA,NA
"1317","2950",NA,NA,NA,NA
"1318","2950",NA,NA,NA,NA
"1319","2950",NA,NA,NA,NA
"1320","2950",NA,NA,NA,NA
"1321","3035",56087,11.158332824707,18.3333339691162,1791.40197753906
"1322","3035",34828,10.5749998092651,19.9166660308838,1887.603515625
"1323","3035",56025,10.6333332061768,19.5,1860.75756835938
"1324","3035",56311,10.7750005722046,19.5,1841.15441894531
"1325","3035",47011,11.158332824707,18.3333339691162,1791.40197753906
"1326","3035",56652,10.2916669845581,26.75,1837.00122070312
"1327","3035",171030,10.5083332061768,20.8333339691162,1916.732421875
"1328","3035",154384,11.5166664123535,16.9166660308838,1657.01098632812
"1329","3035",56435,10.9583330154419,19.4166660308838,1813.82165527344
"1330","3035",36543,11.1416664123535,18.5,1826.8759765625
"1331","3035",96814,11.5916662216187,16.6666660308838,1641.87170410156
"1332","3035",154627,10.6083335876465,19.8333339691162,1874.88623046875
"1333","3035",35518,10.9750003814697,18.9166660308838,1825.46447753906
"1334","3035",64009,10.8333330154419,20,1856.82141113281
"1335","3035",56098,10.7750005722046,19.5,1841.15441894531
"1336","3035",46984,10.908332824707,18.5833339691162,1811.64074707031
"1337","3035",56011,10.3583335876465,21.75,1949.54089355469
"1338","3035",76763,10.5083332061768,20.8333339691162,1916.732421875
"1339","3035",56023,10.6333332061768,19.5,1860.75756835938
"1340","3035",56006,10.3583335876465,21.75,1949.54089355469
"1341","3035",56310,10.7750005722046,19.5,1841.15441894531
"1342","3035",222081,10.8500003814697,20.8333339691162,1853.15246582031
"1343","3035",230006,10.8500003814697,20.8333339691162,1853.15246582031
"1344","3035",62530,10.9499998092651,21.25,1709.10168457031
"1345","3035",56316,11.1333332061768,18.4166660308838,1766.78686523438
"1346","3035",56101,10.7750005722046,19.5,1841.15441894531
"1347","3035",56302,10.7750005722046,19.5,1841.15441894531
"1348","3035",76761,10.5083332061768,20.8333339691162,1916.732421875
"1349","3035",154601,11.5166664123535,16.9166660308838,1657.01098632812
"1350","3035",194876,10.6083335876465,19.8333339691162,1874.88623046875
"1351","3036",62548,10.1666669845581,19.9166660308838,1928.533203125
"1352","3036",156486,10.2083330154419,19.8333339691162,1919
"1353","3036",12584,10.1416664123535,19.75,1906.599609375
"1354","3036",154571,9.57499980926514,20.6666660308838,2031.5087890625
"1355","3036",56378,9.64999961853027,19.9166660308838,1983.23779296875
"1356","3036",154615,9.60000038146973,20.25,2008.1943359375
"1357","3036",56318,9.42500019073486,19.75,2012.85485839844
"1358","3036",54097,9.57499980926514,20.6666660308838,2031.5087890625
"1359","3036",154568,9.60000038146973,20.25,2008.1943359375
"1360","3036",154594,10.25,19.75,1919.12109375
"1361","3036",56572,9.67500019073486,20.8333339691162,2007.36865234375
"1362","3036",48838,9.96666717529297,20.5,1965.94104003906
"1363","3036",54101,9.57499980926514,20.6666660308838,2031.5087890625
"1364","3036",56442,9.92500019073486,19.75,1944.34631347656
"1365","3036",56440,10.1416664123535,19.75,1906.599609375
"1366","3036",56261,10.1416664123535,19.75,1906.599609375
"1367","3036",56320,9.42500019073486,19.75,2012.85485839844
"1368","3036",56646,10.4166669845581,27.25,1865.65075683594
"1369","3036",56391,10.1416664123535,19.75,1906.599609375
"1370","3036",64094,9.96666717529297,20.5,1965.94104003906
"1371","3036",154422,9.60000038146973,20.25,2008.1943359375
"1372","3036",56379,9.64999961853027,19.9166660308838,1983.23779296875
"1373","3036",154382,10.2083330154419,19.8333339691162,1919
"1374","3036",154586,9.60000038146973,20.25,2008.1943359375
"1375","3036",128562,10.0666666030884,20.1666660308838,1945.09045410156
"1376","3036",154593,9.60000038146973,20.25,2008.1943359375
"1377","3036",56571,9.76666641235352,20.25,1985.5087890625
"1378","3036",56566,9.76666641235352,20.25,1985.5087890625
"1379","3036",144520,9.71666717529297,20,1983.31494140625
"1380","3036",56441,9.64999961853027,19.9166660308838,1983.23779296875
"1381","3119",56597,9.35000038146973,19.75,2010.68859863281
"1382","3119",56593,9.35000038146973,19.75,2010.68859863281
"1383","3119",56602,9.35000038146973,19.75,2010.68859863281
"1384","3119",56458,8.85833358764648,20.3333339691162,2063.53491210938
"1385","3119",56595,9.35000038146973,19.75,2010.68859863281
"1386","3119",56603,9.35000038146973,19.75,2010.68859863281
"1387","3119",56587,9.35000038146973,19.75,2010.68859863281
"1388","3119",56581,9.35000038146973,19.75,2010.68859863281
"1389","3119",56456,9.07499980926514,20.3333339691162,2067.86962890625
"1390","3119",64011,9.2916669845581,21.6666660308838,2065.42065429688
"1391","3119",56578,9.35000038146973,19.75,2010.68859863281
"1392","3119",56584,9.35000038146973,19.75,2010.68859863281
"1393","3119",56605,9.35000038146973,19.75,2010.68859863281
"1394","3119",56588,9.35000038146973,19.75,2010.68859863281
"1395","3119",51534,10.2166662216187,19.75,1921.45593261719
"1396","3119",56594,9.35000038146973,19.75,2010.68859863281
"1397","3119",56606,9.35000038146973,19.75,2010.68859863281
"1398","3119",56580,9.35000038146973,19.75,2010.68859863281
"1399","3119",56589,9.35000038146973,19.75,2010.68859863281
"1400","3119",56591,9.35000038146973,19.75,2010.68859863281
"1401","3119",56577,9.35000038146973,19.75,2010.68859863281
"1402","3119",56582,9.35000038146973,19.75,2010.68859863281
"1403","3119",56598,9.35000038146973,19.75,2010.68859863281
"1404","3119",56607,9.35000038146973,19.75,2010.68859863281
"1405","3119",56381,9.01666641235352,20.0833339691162,2060.09130859375
"1406","3119",56575,9.35000038146973,19.75,2010.68859863281
"1407","3119",56324,8.96666622161865,19.9166660308838,2054.3359375
"1408","3119",56457,9.19166660308838,20.3333339691162,2066.0390625
"1409","3119",56604,9.35000038146973,19.75,2010.68859863281
"1410","3119",56576,9.35000038146973,19.75,2010.68859863281
"1411","3120",56323,4.125,57.0833320617676,2799.99438476562
"1412","3120",56613,8.36666679382324,28.5,2148.65478515625
"1413","3120",222071,8.85833358764648,39.4166679382324,2366.236328125
"1414","3120",NA,NA,NA,NA
"1415","3120",NA,NA,NA,NA
"1416","3120",NA,NA,NA,NA
"1417","3120",NA,NA,NA,NA
"1418","3120",NA,NA,NA,NA
"1419","3120",NA,NA,NA,NA
"1420","3120",NA,NA,NA,NA
"1421","3120",NA,NA,NA,NA
"1422","3120",NA,NA,NA,NA
"1423","3120",NA,NA,NA,NA
"1424","3120",NA,NA,NA,NA
"1425","3120",NA,NA,NA,NA
"1426","3120",NA,NA,NA,NA
"1427","3120",NA,NA,NA,NA
"1428","3120",NA,NA,NA,NA
"1429","3120",NA,NA,NA,NA
"1430","3120",NA,NA,NA,NA
"1431","3120",NA,NA,NA,NA
"1432","3120",NA,NA,NA,NA
"1433","3120",NA,NA,NA,NA
"1434","3120",NA,NA,NA,NA
"1435","3120",NA,NA,NA,NA
"1436","3120",NA,NA,NA,NA
"1437","3120",NA,NA,NA,NA
"1438","3120",NA,NA,NA,NA
"1439","3120",NA,NA,NA,NA
"1440","3120",NA,NA,NA,NA
"1441","3285",55288,15.4333333969116,21.4166660308838,1321.251953125
"1442","3285",55289,15.4333333969116,21.4166660308838,1321.251953125
"1443","3285",55290,15.4333333969116,21.4166660308838,1321.251953125
"1444","3285",55291,15.4333333969116,21.4166660308838,1321.251953125
"1445","3285",55292,15.4333333969116,21.4166660308838,1321.251953125
"1446","3285",55293,15.4333333969116,21.4166660308838,1321.251953125
"1447","3285",NA,NA,NA,NA
"1448","3285",NA,NA,NA,NA
"1449","3285",NA,NA,NA,NA
"1450","3285",NA,NA,NA,NA
"1451","3285",NA,NA,NA,NA
"1452","3285",NA,NA,NA,NA
"1453","3285",NA,NA,NA,NA
"1454","3285",NA,NA,NA,NA
"1455","3285",NA,NA,NA,NA
"1456","3285",NA,NA,NA,NA
"1457","3285",NA,NA,NA,NA
"1458","3285",NA,NA,NA,NA
"1459","3285",NA,NA,NA,NA
"1460","3285",NA,NA,NA,NA
"1461","3285",NA,NA,NA,NA
"1462","3285",NA,NA,NA,NA
"1463","3285",NA,NA,NA,NA
"1464","3285",NA,NA,NA,NA
"1465","3285",NA,NA,NA,NA
"1466","3285",NA,NA,NA,NA
"1467","3285",NA,NA,NA,NA
"1468","3285",NA,NA,NA,NA
"1469","3285",NA,NA,NA,NA
"1470","3285",NA,NA,NA,NA
"1471","3367",228651,15.3500003814697,29.25,1365.23815917969
"1472","3367",228652,15.4166669845581,28.8333339691162,1348.31567382812
"1473","3367",NA,NA,NA,NA
"1474","3367",NA,NA,NA,NA
"1475","3367",NA,NA,NA,NA
"1476","3367",NA,NA,NA,NA
"1477","3367",NA,NA,NA,NA
"1478","3367",NA,NA,NA,NA
"1479","3367",NA,NA,NA,NA
"1480","3367",NA,NA,NA,NA
"1481","3367",NA,NA,NA,NA
"1482","3367",NA,NA,NA,NA
"1483","3367",NA,NA,NA,NA
"1484","3367",NA,NA,NA,NA
"1485","3367",NA,NA,NA,NA
"1486","3367",NA,NA,NA,NA
"1487","3367",NA,NA,NA,NA
"1488","3367",NA,NA,NA,NA
"1489","3367",NA,NA,NA,NA
"1490","3367",NA,NA,NA,NA
"1491","3367",NA,NA,NA,NA
"1492","3367",NA,NA,NA,NA
"1493","3367",NA,NA,NA,NA
"1494","3367",NA,NA,NA,NA
"1495","3367",NA,NA,NA,NA
"1496","3367",NA,NA,NA,NA
"1497","3367",NA,NA,NA,NA
"1498","3367",NA,NA,NA,NA
"1499","3367",NA,NA,NA,NA
"1500","3367",NA,NA,NA,NA
