"","collection_no","siteID","bin_assignment","lat","lng"
"1",11890,7391,"teyep",50.741,-111.529
"2",11892,7392,"teyep",50.753,-111.462
"3",11893,7391,"teyep",50.737,-111.549
"4",11894,7391,"teyep",50.737,-111.529
"5",11895,7391,"teyep",50.724,-111.565
"6",11896,7391,"teyep",50.74,-111.525
"7",11897,7391,"teyep",50.787,-111.601
"8",11898,7057,"teyen",51.805,-112.982
"9",11899,7057,"teyeo",51.819,-112.982
"10",11900,7057,"teyeo",51.543,-112.819
"11",11901,7223,"teyeo",51.47,-112.842
"12",11902,7223,"teyeo",51.441,-112.702
"13",11903,7891,"teyeq",49.084,-110.682
"14",11904,7391,"teyeq",50.742,-111.512
"15",11915,7392,"teyeq",50.752,-111.485
"16",11916,7057,"teyeo",51.928,-112.935
"17",11917,7056,"teyen",51.906,-113.029
"18",11918,7056,"teyen",51.933,-113.233
"19",11919,7391,"teyeq",50.77,-111.53
"20",11931,8397,"teyen",47.638,-106.57
"21",12584,12213,"teyep",36.06,-107.966
"22",12977,8398,"teyen",47.696,-106.228
"23",13000,12380,"teyeq",35.7,-107.2
"24",13142,8398,"teyen",47.8,-106.1
"25",13281,8386,"teyeq",47.812,-112.183
"26",13282,8386,"teyeq",47.812,-112.183
"27",13294,11210,"teyeo",39.267,-111.254
"28",13339,7391,"teyep",50.742,-111.566
"29",13340,7391,"teyeq",50.73,-111.8
"30",14409,11705,"teyeq",37.7,-113
"31",14410,11705,"teyeq",37.7,-113
"32",14412,11870,"teyeq",37.5,-113.5
"33",14413,11870,"teyeq",37.5,-113.5
"34",14421,11705,"teyeq",37.592,-112.899
"35",14429,11708,"teyeq",37.6,-111.35
"36",14430,11705,"teyeq",37.593,-112.884
"37",14431,9723,"teyeq",44,-108
"38",14432,8389,"teyep",47.7,-110.7
"39",14433,9890,"teyeq",43.2,-107.1
"40",14434,8890,"teyep",46.42,-109.27
"41",14435,8057,"teyep",48.917,-110.583
"42",14436,12212,"teyep",36.3,-108.2
"43",14437,8890,"teyep",46.46,-109.41
"44",14439,9557,"teyeq",44.103,-107.757
"45",14440,9557,"teyeq",44.103,-107.757
"46",14445,8059,"teyep",48.567,-109.683
"47",14446,8391,"teyep",47.808,-109.59
"48",14447,8391,"teyep",47.794,-109.568
"49",14448,8057,"teyep",48.933,-110.583
"50",14449,8057,"teyep",48.983,-110.517
"51",14450,8057,"teyep",48.933,-110.583
"52",14451,7394,"teyeq",50.78,-110.5
"53",14452,8057,"teyep",48.933,-110.567
"54",14453,8385,"teyeq",47.821,-112.664
"55",14457,8890,"teyep",46.1,-109.1
"56",14458,10056,"teyeq",42.854,-107.278
"57",14459,8059,"teyep",48.567,-109.7
"58",14460,8057,"teyep",48.933,-110.633
"59",14461,8059,"teyep",48.567,-109.7
"60",14462,8890,"teyep",46.465,-109.297
"61",14463,7726,"teyep",49.957,-110.266
"62",14465,9557,"teyeq",44.117,-107.757
"63",14466,11874,"teyep",37.4,-111.2
"64",14467,11708,"teyep",37.8,-111.5
"65",14468,8057,"teyep",48.933,-110.65
"66",14469,9722,"teyeq",43.836,-108.44
"67",14470,8057,"teyep",48.933,-110.583
"68",14471,7891,"teyeq",49.3,-110.6
"69",14473,9557,"teyeq",44.103,-107.757
"70",14474,11706,"teyeq",37.555,-112.276
"71",14476,7560,"teyeq",50.5,-110.3
"72",14477,9557,"teyeq",44.103,-107.757
"73",14478,9557,"teyeq",44.132,-107.777
"74",14479,9557,"teyeq",44.117,-107.777
"75",14480,9557,"teyeq",44.117,-107.777
"76",14481,7391,"teyeq",50.9,-111.8
"77",14482,8057,"teyep",48.933,-110.583
"78",14483,8057,"teyep",48.933,-110.583
"79",14485,7391,"teyeq",50.9,-111.8
"80",14486,9557,"teyeq",44.103,-107.757
"81",14487,9557,"teyeq",44.103,-107.757
"82",14490,8890,"teyep",46.1,-109.1
"83",14491,8057,"teyep",48.933,-110.583
"84",14492,8057,"teyep",48.933,-110.583
"85",14493,6898,"teyep",52.4,-109.2
"86",14494,7894,"teyep",49.1,-109.5
"87",14497,10885,"teyep",40.288,-107.864
"88",14498,12212,"teyep",36.3,-108.2
"89",14499,7717,"teyeo",49.8,-114.6
"90",14500,7058,"teyeo",51.6,-112.5
"91",14501,7058,"teyeo",51.6,-112.5
"92",14502,7721,"teyeo",49.913,-112.985
"93",14503,8053,"teyeo",48.9,-112.8
"94",14505,9895,"teyen",43.183,-104.533
"95",14506,8398,"teyen",47.633,-106.2
"96",14507,8396,"teyen",47.55,-107.117
"97",14508,8396,"teyen",47.55,-107.133
"98",14509,8398,"teyen",47.633,-106.2
"99",14510,10062,"teyen",43,-104.5
"100",14511,9895,"teyen",43.101,-104.597
"101",14512,8396,"teyen",47.617,-107.317
"102",14513,8396,"teyen",47.617,-107.317
"103",14514,10385,"teyen",41.568,-108.668
"104",14515,8397,"teyen",47.6,-107
"105",14516,8398,"teyen",47.8,-106.1
"106",14517,8398,"teyen",47.8,-106.1
"107",14518,12212,"teyep",36.315,-108.048
"108",14519,9895,"teyen",43.15,-104.567
"109",14520,8397,"teyen",47.6,-107
"110",14521,8397,"teyen",47.65,-106.65
"111",14522,9895,"teyen",43.25,-104.65
"112",14523,8397,"teyen",47.6,-107
"113",14524,9895,"teyen",43.217,-104.567
"114",14525,8397,"teyen",47.517,-106.983
"115",14526,9389,"teyen",44.936,-108.854
"116",14527,10062,"teyen",43,-104.5
"117",14528,8398,"teyen",47.8,-106.1
"118",14529,8398,"teyen",47.8,-106.1
"119",14530,8398,"teyen",47.8,-106.1
"120",14531,8398,"teyen",47.8,-106.1
"121",14532,8900,"teyen",46.3,-104.5
"122",14533,8396,"teyen",47.567,-107.1
"123",14534,8396,"teyen",47.567,-107.1
"124",14535,8396,"teyen",47.55,-107.1
"125",14536,8396,"teyen",47.567,-107.1
"126",14537,9234,"teyen",45.5,-103.1
"127",14538,9895,"teyen",43.167,-104.533
"128",14539,10389,"teyen",41.94,-106.876
"129",14540,10389,"teyen",41.94,-106.876
"130",14541,10389,"teyen",41.941,-106.892
"131",14542,10389,"teyen",41.935,-106.882
"132",14543,10389,"teyen",41.938,-106.853
"133",14544,10389,"teyen",41.8,-107
"134",14545,10389,"teyen",41.957,-106.888
"135",14546,8398,"teyen",47.517,-106.4
"136",14547,8398,"teyen",47.517,-106.4
"137",14548,8398,"teyen",47.517,-106.417
"138",14549,8398,"teyen",47.517,-106.4
"139",14550,8398,"teyen",47.6,-106.383
"140",14551,7894,"teyen",49.5,-109.1
"141",14552,8397,"teyen",47.6,-107
"142",14553,8396,"teyen",47.533,-107.083
"143",14555,7898,"teyen",49.4,-107.4
"144",14556,8398,"teyen",47.8,-106.1
"145",14557,9896,"teyen",43.3,-104.367
"146",14558,7896,"teyen",49.3,-108.4
"147",14559,8398,"teyen",47.583,-106.3
"148",14560,8396,"teyen",47.55,-107.25
"149",14561,10062,"teyen",43,-104.5
"150",14562,8398,"teyen",47.867,-106.183
"151",14563,8398,"teyen",47.6,-106.433
"152",14564,10062,"teyen",43,-104.5
"153",14565,9895,"teyen",43.165,-104.569
"154",14566,9896,"teyen",43.129,-104.495
"155",14567,9896,"teyen",43.149,-104.485
"156",14568,8396,"teyen",47.517,-107.183
"157",14569,6890,"teyen",52.328,-113.125
"158",14570,9895,"teyen",43.25,-104.517
"159",14572,8398,"teyen",47.8,-106.1
"160",14573,12212,"teyeo",36.3,-108.2
"161",14574,8397,"teyen",47.533,-106.917
"162",14575,8398,"teyen",47.65,-106.2
"163",14576,8398,"teyen",47.8,-106.1
"164",14577,9895,"teyen",43.233,-104.583
"165",14578,10062,"teyen",43,-104.5
"166",14579,10062,"teyen",43,-104.5
"167",14580,8398,"teyen",47.8,-106.1
"168",14582,8563,"teyen",47.067,-106.917
"169",14583,8398,"teyen",47.633,-106.2
"170",14584,7894,"teyen",49.5,-109.2
"171",14585,9895,"teyen",43.116,-104.637
"172",14586,9896,"teyen",43.188,-104.459
"173",14587,9895,"teyen",43.116,-104.637
"174",14588,9895,"teyen",43.118,-104.641
"175",14589,9895,"teyen",43.107,-104.583
"176",14590,10062,"teyen",43,-104.5
"177",14591,9895,"teyen",43.203,-104.615
"178",14592,9895,"teyen",43.162,-104.619
"179",14593,10062,"teyen",43,-104.5
"180",14594,8397,"teyen",47.6,-107
"181",14595,8398,"teyen",47.8,-106.1
"182",14596,9895,"teyen",43.15,-104.567
"183",14597,8567,"teyen",47.1,-104.8
"184",14598,9729,"teyen",43.8,-104.617
"185",14599,11377,"teyeo",39,-111
"186",14600,8397,"teyen",47.7,-106.55
"187",14601,10062,"teyen",43,-104.5
"188",14602,7894,"teyen",49.2,-109.2
"189",14603,11377,"teyeo",39,-111
"190",14604,9234,"teyen",45.5,-103.1
"191",14605,8398,"teyen",47.733,-106.5
"192",14606,9895,"teyen",43.14,-104.577
"193",14607,11210,"teyeo",39.167,-111.267
"194",14608,9229,"teyen",45.4,-105.6
"195",14609,9895,"teyen",43.233,-104.533
"196",14610,8902,"teyen",46.1,-103.3
"197",14611,8567,"teyen",47.1,-104.8
"198",14613,8396,"teyen",47.6,-107.233
"199",14614,8397,"teyen",47.517,-107
"200",14615,8397,"teyen",47.533,-106.883
"201",14616,8398,"teyen",47.676,-106.427
"202",14617,8398,"teyen",47.633,-106.2
"203",14618,8398,"teyen",47.8,-106.1
"204",14619,12212,"teyeo",36.3,-108.2
"205",14620,8740,"teyen",46.9,-101.5
"206",14621,8740,"teyen",46.9,-101.5
"207",14622,8398,"teyen",47.8,-106.1
"208",14623,8398,"teyen",47.633,-106.2
"209",14624,8398,"teyen",47.633,-106.2
"210",14625,10062,"teyen",43,-104.5
"211",14626,10062,"teyen",43,-104.5
"212",14627,8398,"teyen",47.8,-106.1
"213",14628,8398,"teyen",47.8,-106.1
"214",14629,8398,"teyen",47.633,-106.2
"215",14630,7057,"teyen",51.8,-113
"216",14631,7057,"teyen",51.8,-113
"217",14632,7057,"teyen",51.8,-113
"218",14633,7057,"teyen",51.8,-113
"219",14634,7057,"teyen",51.8,-113
"220",14635,7057,"teyen",51.8,-113
"221",14636,7057,"teyen",51.8,-113
"222",14637,7057,"teyen",51.8,-113
"223",14638,7057,"teyen",51.8,-113
"224",14639,8396,"teyen",47.517,-107.05
"225",14640,10892,"teyeo",40.386,-104.492
"226",14641,10062,"teyen",43,-104.5
"227",14642,10062,"teyen",43,-104.5
"228",14643,9896,"teyen",43.2,-104.467
"229",14644,10062,"teyen",43,-104.5
"230",14645,8398,"teyen",47.8,-106.1
"231",14646,8398,"teyen",47.8,-106.1
"232",14647,8398,"teyen",47.617,-106.183
"233",14648,8398,"teyen",47.8,-106.1
"234",14649,8398,"teyen",47.617,-106.183
"235",14650,8398,"teyen",47.617,-106.183
"236",14651,8398,"teyen",47.617,-106.183
"237",14652,8567,"teyen",47.1,-104.8
"238",14653,8398,"teyen",47.6,-106.283
"239",14654,8398,"teyen",47.6,-106.267
"240",14655,7896,"teyen",49.3,-108.4
"241",14656,10062,"teyen",43,-104.5
"242",14674,8398,"teyen",47.8,-106.1
"243",22638,9896,"teyen",43.349,-104.482
"244",22640,7392,"teyep",50.815,-111.325
"245",22652,8051,"teyeq",48.63,-113.75
"246",22653,8051,"teyeq",48.633,-113.75
"247",22654,7391,"teyep",50.729,-111.526
"248",22655,7392,"teyep",50.736,-111.494
"249",22656,7391,"teyep",50.734,-111.514
"250",22657,7391,"teyep",50.727,-111.525
"251",22659,7392,"teyep",50.751,-111.485
"252",22689,8051,"teyeq",48.633,-113.75
"253",22690,8051,"teyeq",48.633,-113.75
"254",22691,8219,"teyeq",48.479,-112.701
"255",22692,8053,"teyeq",48.911,-112.641
"256",22693,8053,"teyeq",48.967,-112.65
"257",22694,8053,"teyeq",48.967,-112.65
"258",22695,7392,"teyep",50.755,-111.399
"259",22696,7392,"teyep",50.781,-111.326
"260",22697,7391,"teyep",50.809,-111.632
"261",22698,7391,"teyep",50.75,-111.515
"262",22699,5882,"teyep",55.064,-119.108
"263",23549,8393,"teyep",47.733,-108.95
"264",23551,8393,"teyep",47.717,-108.9
"265",24790,9236,"teyen",45.136,-102.497
"266",24851,8900,"teyen",46.466,-104.021
"267",24891,7726,"teyep",49.95,-110.267
"268",24893,7392,"teyep",50.733,-111.3
"269",24924,12380,"teyeq",35.7,-107.2
"270",25658,8053,"teyeq",48.65,-112.967
"271",26626,9554,"teyen",44.24,-109.02
"272",26760,8568,"teyen",47.479,-104.484
"273",26775,8386,"teyeq",47.768,-112.288
"274",26779,8057,"teyep",48.95,-110.617
"275",28548,7057,"teyeo",51.84,-112.783
"276",34373,6889,"teyeo",52.267,-113.8
"277",34375,7391,"teyeq",50.755,-111.617
"278",34494,9405,"teyen",44.767,-100.7
"279",34743,7720,"teyeo",49.971,-113.365
"280",34744,7057,"teyeo",51.55,-112.866
"281",34745,7392,"teyep",50.809,-111.327
"282",34750,7392,"teyep",50.743,-111.492
"283",34826,12212,"teyep",36.286,-108.227
"284",34827,12212,"teyep",36.271,-108.209
"285",34828,12212,"teyep",36.315,-108.084
"286",35251,7894,"teyen",49.5,-109.1
"287",35379,7391,"teyeq",50.63,-111.62
"288",35510,8398,"teyen",47.722,-106.231
"289",35511,7391,"teyep",50.73,-111.8
"290",35518,12212,"teyep",36.269,-108.167
"291",36264,7391,"teyep",50.819,-111.574
"292",36269,12212,"teyep",36.269,-108.167
"293",36449,12212,"teyep",36.486,-108.486
"294",36542,12211,"teyep",36.488,-108.535
"295",36543,12212,"teyep",36.271,-108.209
"296",36570,7392,"teyep",50.662,-111.477
"297",36608,8386,"teyeq",47.812,-112.183
"298",36934,8386,"teyeq",47.812,-112.183
"299",38544,8396,"teyen",47.536,-107.083
"300",39229,12213,"teyep",36.155,-107.977
"301",39231,12213,"teyep",36.186,-107.889
"302",45098,9067,"teyen",45.949,-103.962
"303",45099,9067,"teyen",45.949,-103.962
"304",45100,9067,"teyen",45.949,-103.962
"305",45101,9067,"teyen",45.949,-103.962
"306",45102,9067,"teyen",45.978,-103.754
"307",45103,8901,"teyen",46.007,-103.754
"308",45104,8901,"teyen",46.026,-103.767
"309",45105,8901,"teyen",46.026,-103.767
"310",45106,8901,"teyen",46.026,-103.767
"311",45107,8901,"teyen",46.026,-103.767
"312",45108,8901,"teyen",46.026,-103.767
"313",45109,8901,"teyen",46.026,-103.767
"314",45110,8901,"teyen",46.026,-103.767
"315",45111,8901,"teyen",46.026,-103.767
"316",45112,8901,"teyen",46.026,-103.767
"317",45113,8901,"teyen",46.026,-103.767
"318",45114,8901,"teyen",46.026,-103.767
"319",45115,8901,"teyen",46.026,-103.767
"320",45116,8901,"teyen",46.026,-103.767
"321",45117,8901,"teyen",46.026,-103.767
"322",45118,8901,"teyen",46.026,-103.767
"323",45119,8901,"teyen",46.026,-103.767
"324",45120,8901,"teyen",46.026,-103.767
"325",45121,8901,"teyen",46.149,-103.81
"326",45122,8901,"teyen",46.18,-103.837
"327",45123,8901,"teyen",46.305,-103.981
"328",45124,8901,"teyen",46.137,-103.795
"329",45125,8901,"teyen",46.137,-103.795
"330",45126,8901,"teyen",46.137,-103.795
"331",45127,8901,"teyen",46.137,-103.795
"332",45128,8901,"teyen",46.406,-103.94
"333",45129,8901,"teyen",46.421,-103.94
"334",45130,8901,"teyen",46.382,-103.964
"335",45131,8901,"teyen",46.209,-103.775
"336",45132,8901,"teyen",46.209,-103.775
"337",45133,8901,"teyen",46.209,-103.775
"338",45134,8901,"teyen",46.209,-103.775
"339",45135,8901,"teyen",46.209,-103.775
"340",45136,8901,"teyen",46.382,-103.964
"341",45137,8900,"teyen",46.45,-104.023
"342",45138,8902,"teyen",46.45,-103.023
"343",45139,8902,"teyen",46.45,-103.023
"344",45140,8900,"teyen",46.45,-104.002
"345",45141,8900,"teyen",46.464,-104.023
"346",45142,8900,"teyen",46.464,-104.023
"347",45143,8900,"teyen",46.464,-104.023
"348",45144,8901,"teyen",46.334,-103.898
"349",45145,8901,"teyen",46.334,-103.898
"350",45146,8901,"teyen",46.334,-103.898
"351",45147,8901,"teyen",46.334,-103.898
"352",45238,7392,"teyep",50.737,-111.495
"353",45240,7391,"teyeq",50.752,-111.512
"354",45260,7392,"teyep",50.737,-111.48
"355",45261,7392,"teyep",50.749,-111.458
"356",45262,7391,"teyep",50.748,-111.51
"357",45264,7391,"teyep",50.748,-111.502
"358",45297,8900,"teyen",46.464,-104.002
"359",45298,8900,"teyen",46.464,-104.002
"360",45299,8900,"teyen",46.464,-104.002
"361",45308,8900,"teyen",46.464,-104.002
"362",45309,8900,"teyen",46.464,-104.002
"363",45311,8900,"teyen",46.464,-104.002
"364",45312,8900,"teyen",46.464,-104.002
"365",45313,8900,"teyen",46.464,-104.002
"366",45314,8900,"teyen",46.464,-104.002
"367",45316,8901,"teyen",46.363,-103.898
"368",45318,8901,"teyen",46.363,-103.898
"369",45319,8901,"teyen",46.363,-103.898
"370",45320,8901,"teyen",46.363,-103.898
"371",45380,8901,"teyen",46.363,-103.898
"372",45381,8901,"teyen",46.363,-103.898
"373",45382,8901,"teyen",46.363,-103.898
"374",45383,8901,"teyen",46.363,-103.898
"375",45384,8901,"teyen",46.363,-103.898
"376",45385,8901,"teyen",46.363,-103.898
"377",45386,8901,"teyen",46.363,-103.898
"378",45387,8901,"teyen",46.363,-103.898
"379",45388,9067,"teyen",45.939,-103.946
"380",45389,9067,"teyen",45.939,-103.946
"381",45390,9067,"teyen",45.939,-103.946
"382",45391,9067,"teyen",45.939,-103.946
"383",45392,9067,"teyen",45.939,-103.946
"384",45396,7392,"teyep",50.783,-111.5
"385",45560,7558,"teyeq",50.069,-111.139
"386",45565,7891,"teyeq",49.098,-110.939
"387",45566,7891,"teyeq",49.1,-110.94
"388",45567,7891,"teyeq",49.102,-110.941
"389",45670,7891,"teyeq",49.082,-110.84
"390",45671,7891,"teyeq",49.075,-110.684
"391",45674,7891,"teyeq",49.078,-110.684
"392",45675,7899,"teyen",49.036,-106.597
"393",45680,8053,"teyeq",48.965,-112.664
"394",45681,8053,"teyeq",48.936,-112.642
"395",45682,8053,"teyeq",48.965,-112.708
"396",45683,7392,"teyep",50.786,-111.477
"397",45684,7391,"teyep",50.728,-111.512
"398",45718,11210,"teyeo",39.199,-111.235
"399",45719,11210,"teyeo",39.228,-111.254
"400",45720,11210,"teyeo",39.214,-111.254
"401",45721,11210,"teyeo",39.17,-111.273
"402",45722,11210,"teyeo",39.183,-111.309
"403",45724,11210,"teyeo",39.214,-111.198
"404",45730,7391,"teyep",50.782,-111.597
"405",45731,7392,"teyep",50.745,-111.489
"406",45732,7057,"teyeo",51.615,-112.866
"407",45733,7057,"teyeo",51.63,-112.935
"408",45752,7057,"teyeo",51.805,-112.947
"409",45753,7391,"teyep",50.801,-111.604
"410",45755,7391,"teyep",50.809,-111.632
"411",45756,7392,"teyep",50.757,-111.487
"412",45819,7891,"teyeq",49.159,-110.722
"413",45820,7891,"teyeq",49.138,-110.848
"414",45821,7891,"teyeq",49.162,-110.719
"415",45822,7891,"teyeq",49.076,-110.701
"416",45844,10385,"teyen",41.568,-108.649
"417",45845,10387,"teyen",41.643,-107.649
"418",45860,10384,"teyep",41.867,-109.139
"419",45861,10384,"teyep",41.643,-109.225
"420",45862,10384,"teyep",41.717,-109.205
"421",45863,10385,"teyep",41.687,-108.764
"422",45865,10385,"teyep",41.711,-108.802
"423",45866,10384,"teyep",41.778,-109.197
"424",45867,10384,"teyep",41.598,-109.244
"425",45868,10384,"teyep",41.687,-109.205
"426",45869,10384,"teyep",41.628,-109.09
"427",45870,11051,"teyeq",39.937,-107.957
"428",45871,11383,"teyeq",38.945,-107.926
"429",45876,7056,"teyen",51.863,-113.005
"430",45877,7056,"teyen",51.877,-113.005
"431",45878,9896,"teyen",43.442,-104.412
"432",45879,9064,"teyen",45.55,-105.115
"433",45892,7891,"teyeq",49.076,-110.701
"434",45893,7891,"teyeq",49.074,-110.716
"435",45894,7891,"teyeq",49.076,-110.703
"436",45897,7891,"teyeq",49.187,-110.732
"437",45898,7891,"teyeq",49.194,-110.734
"438",45899,7891,"teyeq",49.073,-110.659
"439",46090,6056,"teyen",54.86,-115.463
"440",46091,6056,"teyen",54.86,-115.437
"441",46093,6056,"teyen",54.904,-115.463
"442",46119,10228,"teyen",42.196,-104.457
"443",46120,10060,"teyeo",42.584,-105.394
"444",46121,8391,"teyep",47.74,-109.619
"445",46122,8393,"teyep",47.772,-108.947
"446",46123,8393,"teyep",47.899,-109
"447",46124,8391,"teyep",47.736,-109.618
"448",46125,10060,"teyeo",42.584,-105.394
"449",46126,9895,"teyeo",43.122,-104.647
"450",46127,9895,"teyeo",43.121,-104.645
"451",46128,9895,"teyen",43.166,-104.911
"452",46129,9895,"teyeo",43.144,-104.911
"453",46130,9895,"teyeo",43.238,-104.608
"454",46131,9895,"teyen",43.158,-104.553
"455",46132,9895,"teyen",43.192,-104.644
"456",46133,9895,"teyeo",43.228,-104.572
"457",46134,9895,"teyen",43.231,-104.649
"458",46135,9895,"teyen",43.238,-104.628
"459",46136,9895,"teyen",43.181,-104.551
"460",46138,9895,"teyeo",43.179,-104.605
"461",46139,11056,"teyen",39.731,-105.042
"462",46209,9895,"teyen",43.27,-104.591
"463",46210,10725,"teyeo",40.908,-104.762
"464",46211,11389,"teyeo",38.861,-104.655
"465",46317,7391,"teyep",50.806,-111.628
"466",46318,7391,"teyep",50.791,-111.61
"467",46319,7391,"teyep",50.806,-111.624
"468",46332,7392,"teyep",50.749,-111.472
"469",46333,7392,"teyep",50.75,-111.489
"470",46335,7391,"teyep",50.807,-111.597
"471",46351,7057,"teyeo",51.543,-112.866
"472",46358,7392,"teyep",50.742,-111.488
"473",46359,7391,"teyep",50.688,-111.617
"474",46436,7887,"teyeo",49.026,-112.966
"475",46951,7391,"teyep",50.747,-111.505
"476",46952,7391,"teyep",50.74,-111.515
"477",46953,7392,"teyep",50.737,-111.492
"478",46954,7392,"teyep",50.742,-111.489
"479",46956,7557,"teyep",50.131,-111.694
"480",46957,7392,"teyep",50.765,-111.414
"481",46958,7394,"teyep",50.757,-110.017
"482",46984,12212,"teyep",36.257,-108.173
"483",46985,12212,"teyep",36.257,-108.263
"484",46986,12212,"teyep",36.271,-108.245
"485",46989,12212,"teyep",36.271,-108.227
"486",46990,12212,"teyep",36.184,-108.209
"487",46991,12212,"teyep",36.344,-108.084
"488",46992,12212,"teyeo",36.315,-108.031
"489",46993,12212,"teyep",36.344,-108.084
"490",46994,12212,"teyep",36.344,-108.102
"491",46995,12213,"teyep",36.155,-107.924
"492",46996,12213,"teyep",36.155,-107.941
"493",47008,12213,"teyeo",36.169,-107.959
"494",47009,12212,"teyep",36.286,-108.102
"495",47010,12212,"teyeo",36.344,-108.102
"496",47011,12212,"teyep",36.271,-108.227
"497",47012,12212,"teyep",36.271,-108.245
"498",47013,12212,"teyep",36.3,-108.191
"499",47014,12212,"teyep",36.315,-108.173
"500",47015,12046,"teyeo",36.683,-108.266
"501",47016,12212,"teyeo",36.315,-108.031
"502",47017,12212,"teyeo",36.315,-108.013
"503",47018,12380,"teyeo",35.966,-107.478
"504",47034,9071,"teyen",45.531,-101.626
"505",47101,8220,"teyeq",48.472,-112.358
"506",47127,7056,"teyen",51.892,-113.005
"507",47128,7056,"teyen",51.906,-113.029
"508",47130,7057,"teyen",51.913,-112.961
"509",47189,12212,"teyep",36.344,-108.084
"510",47193,12212,"teyep",36.104,-108.088
"511",47194,7718,"teyep",49.578,-114.242
"512",47195,12212,"teyep",36.344,-108.084
"513",47201,12212,"teyep",36.5,-108.083
"514",47626,8398,"teyen",47.877,-106.198
"515",47627,9065,"teyen",45.755,-104.953
"516",47628,9072,"teyen",45.668,-101.481
"517",47629,7560,"teyep",50.408,-110.291
"518",47784,7391,"teyep",50.791,-111.624
"519",47791,7392,"teyep",50.764,-111.375
"520",47793,7392,"teyep",50.75,-111.463
"521",47794,7391,"teyeq",50.755,-111.531
"522",47795,7392,"teyeq",50.829,-111.322
"523",47807,7391,"teyep",50.767,-111.515
"524",47809,7391,"teyeq",50.765,-111.524
"525",47811,7391,"teyep",50.75,-111.507
"526",47812,7391,"teyep",50.749,-111.525
"527",47814,7391,"teyep",50.812,-111.578
"528",47816,7392,"teyep",50.75,-111.475
"529",47817,12212,"teyeo",36.332,-108.067
"530",47818,12212,"teyep",36.344,-108.084
"531",47819,12212,"teyeo",36.344,-108.102
"532",47820,12212,"teyep",36.344,-108.102
"533",47821,12212,"teyep",36.344,-108.084
"534",47822,11710,"teyep",37.821,-110.353
"535",48193,9067,"teyen",45.651,-103.624
"536",48235,9067,"teyen",45.873,-103.787
"537",48327,9554,"teyen",44.094,-109.177
"538",48548,11045,"teyeq",39.728,-110.867
"539",48549,11707,"teyen",37.579,-111.831
"540",48551,9067,"teyen",45.928,-103.924
"541",48558,10223,"teyen",42.053,-106.836
"542",48559,9555,"teyen",44.292,-108.844
"543",48562,8560,"teyen",47.403,-108.268
"544",48618,7558,"teyep",50.4,-111.1
"545",48619,7391,"teyep",50.688,-111.617
"546",48620,8392,"teyep",47.776,-109.378
"547",48622,8398,"teyen",47.565,-106.313
"548",48624,7391,"teyeo",50.9,-111.8
"549",48626,9895,"teyen",43.272,-104.571
"550",48627,7389,"teyen",50.87,-112.994
"551",48628,7896,"teyen",49.36,-108.46
"552",48629,8398,"teyen",47.94,-106.189
"553",48686,7892,"teyep",49.204,-110.369
"554",48836,8234,"teyen",48.063,-105.399
"555",48838,12213,"teyep",36.184,-107.888
"556",48839,12212,"teyep",36.371,-108.261
"557",48842,11210,"teyeo",39.214,-111.254
"558",48843,8901,"teyen",46.348,-103.898
"559",48844,8398,"teyen",47.667,-106.367
"560",48845,8397,"teyen",47.533,-106.917
"561",48846,9065,"teyen",45.85,-104.833
"562",48847,8398,"teyen",47.964,-106.456
"563",48848,8398,"teyen",47.964,-106.456
"564",49000,11056,"teyen",39.676,-105.099
"565",49001,8393,"teyep",47.766,-108.949
"566",49005,8233,"teyen",48.287,-105.84
"567",49016,8398,"teyen",47.84,-106.161
"568",49079,7056,"teyeo",51.906,-113.005
"569",49234,7057,"teyeo",51.652,-112.911
"570",49235,7391,"teyep",50.73,-111.556
"571",49237,7392,"teyep",50.746,-111.475
"572",49238,9895,"teyen",43.341,-104.531
"573",49523,11056,"teyen",39.751,-105.204
"574",49524,10887,"teyeo",40.285,-106.861
"575",49525,11057,"teyeo",39.921,-104.865
"576",49526,11057,"teyeo",39.985,-104.82
"577",49527,11056,"teyen",39.811,-105.011
"578",49528,11056,"teyen",39.794,-105.019
"579",49529,10726,"teyeo",40.67,-104.333
"580",49530,11224,"teyeo",39.397,-104.001
"581",49531,11390,"teyen",38.846,-104.351
"582",49533,11389,"teyen",38.672,-104.698
"583",49534,11056,"teyen",39.791,-105.2
"584",49535,11056,"teyen",39.868,-105.11
"585",49536,11056,"teyeo",39.845,-105.184
"586",49537,11056,"teyeo",39.746,-105.224
"587",49538,11056,"teyen",39.613,-105.016
"588",49539,11056,"teyen",39.837,-105.037
"589",49540,11056,"teyeo",39.751,-105.228
"590",49541,11057,"teyen",39.894,-104.995
"591",49542,11222,"teyen",39.305,-105.3
"592",49543,11056,"teyen",39.705,-105.086
"593",49544,11056,"teyen",39.649,-105.135
"594",49545,11056,"teyeo",39.956,-105.229
"595",49546,11056,"teyeo",39.956,-105.229
"596",49547,11056,"teyen",39.868,-105.11
"597",49548,11057,"teyen",39.739,-104.984
"598",49549,11056,"teyen",39.601,-105.032
"599",49550,11056,"teyen",39.934,-105.044
"600",49551,11056,"teyen",39.909,-105.148
"601",49552,11056,"teyeo",39.941,-105.135
"602",49553,11056,"teyeo",39.7,-105.141
"603",49554,11058,"teyen",39.615,-104.044
"604",49555,11057,"teyen",39.858,-104.963
"605",49556,11057,"teyen",39.895,-104.892
"606",49620,11705,"teyeq",37.7,-113
"607",50082,9072,"teyen",45.75,-101.2
"608",50083,8053,"teyeq",48.965,-112.664
"609",50084,9400,"teyen",44.998,-103.183
"610",50085,9895,"teyen",43.272,-104.571
"611",50086,10060,"teyen",42.649,-105.239
"612",50087,9895,"teyen",43.274,-104.604
"613",50088,8397,"teyen",47.638,-106.698
"614",50304,12212,"teyep",36.254,-108.064
"615",50305,9718,"teyeo",43.964,-110.411
"616",50306,9718,"teyeo",43.84,-110.411
"617",50825,8057,"teyep",48.967,-110.55
"618",50826,8057,"teyep",48.967,-110.933
"619",50827,8057,"teyep",48.933,-110.583
"620",50828,8057,"teyep",48.933,-110.583
"621",50829,8057,"teyep",48.95,-110.617
"622",50830,8058,"teyep",48.983,-110.45
"623",50906,8890,"teyep",46.46,-109.41
"624",50907,8889,"teyep",46.4,-109.663
"625",50909,8890,"teyep",46.1,-109.11
"626",50930,9895,"teyen",43.284,-104.668
"627",50931,9895,"teyen",43.139,-104.707
"628",51316,7057,"teyeo",51.533,-112.883
"629",51534,12379,"teyep",35.953,-108
"630",51682,8889,"teyep",46.436,-109.834
"631",51683,8891,"teyep",46.23,-108.981
"632",51861,7391,"teyep",50.753,-111.506
"633",51862,7391,"teyep",50.733,-111.512
"634",51863,7391,"teyep",50.742,-111.56
"635",51965,7056,"teyeo",51.79,-113.005
"636",51966,7056,"teyeo",51.79,-113.005
"637",51982,12547,"teyeq",35.32,-106.941
"638",51983,12543,"teyeq",35.398,-108.667
"639",51984,12547,"teyeq",35.32,-106.941
"640",51985,12547,"teyeq",35.32,-106.941
"641",51986,12547,"teyeq",35.32,-106.941
"642",51987,12547,"teyeq",35.32,-106.941
"643",52035,12217,"teyep",36.212,-105.635
"644",52036,11710,"teyep",37.864,-110.097
"645",52058,12212,"teyep",36.213,-108.084
"646",52060,11707,"teyep",37.678,-111.777
"647",52071,7721,"teyeo",49.917,-112.991
"648",52072,7721,"teyeo",49.917,-112.99
"649",52076,7721,"teyeo",49.915,-112.993
"650",52077,7721,"teyeo",49.915,-112.993
"651",52088,10223,"teyen",42.156,-106.908
"652",52089,10223,"teyen",42.09,-106.884
"653",52106,9895,"teyen",43.152,-104.622
"654",52107,10394,"teyen",41.908,-104.198
"655",52249,7721,"teyeo",49.916,-112.998
"656",52435,8053,"teyeq",48.971,-112.642
"657",52465,7057,"teyeo",51.688,-112.911
"658",52466,7057,"teyeo",51.557,-112.866
"659",52467,7057,"teyeo",51.95,-112.899
"660",52468,7057,"teyeo",51.936,-112.958
"661",52469,7057,"teyeo",51.746,-112.958
"662",52470,7392,"teyeq",50.772,-111.489
"663",52471,7391,"teyeq",50.806,-111.626
"664",52472,7391,"teyep",50.824,-111.604
"665",52473,7391,"teyeq",50.6,-111.62
"666",52474,7391,"teyeq",50.6,-111.62
"667",52475,7391,"teyep",50.6,-111.62
"668",52476,7391,"teyeq",50.6,-111.62
"669",52477,7391,"teyeq",50.9,-111.8
"670",52478,7392,"teyeq",50.721,-111.477
"671",52479,7057,"teyeo",51.557,-112.866
"672",52480,7391,"teyeo",50.787,-111.592
"673",52481,7391,"teyeq",50.688,-111.617
"674",52482,7391,"teyeq",50.65,-111.62
"675",52483,7391,"teyeq",50.688,-111.617
"676",52484,7391,"teyeq",50.65,-111.62
"677",52485,7391,"teyeq",50.688,-111.617
"678",52487,7392,"teyep",50.748,-111.395
"679",52646,7559,"teyeq",50.05,-110.767
"680",52647,7723,"teyeq",49.75,-111.667
"681",52648,7392,"teyep",50.759,-111.484
"682",52654,7223,"teyeo",51.383,-112.517
"683",52655,6892,"teyeo",52.492,-112.183
"684",52656,5882,"teyep",55.05,-119.367
"685",52658,6048,"teyep",54.933,-119.45
"686",52680,7056,"teyen",51.917,-113.033
"687",52681,9895,"teyen",43.298,-104.662
"688",52682,9895,"teyen",43.256,-104.625
"689",52683,9895,"teyen",43.2,-104.658
"690",52684,9895,"teyen",43.219,-104.548
"691",52685,9895,"teyen",43.214,-104.554
"692",52686,9895,"teyen",43.158,-104.553
"693",52687,9895,"teyen",43.132,-104.563
"694",52688,9896,"teyen",43.165,-104.477
"695",52689,9896,"teyen",43.157,-104.479
"696",52690,9896,"teyen",43.209,-104.466
"697",52691,9896,"teyen",43.193,-104.463
"698",52692,9896,"teyen",43.188,-104.474
"699",52693,9895,"teyen",43.158,-104.544
"700",52694,9896,"teyen",43.312,-104.42
"701",52695,9895,"teyen",43.184,-104.514
"702",52836,7900,"teyen",49.117,-106.35
"703",52837,8064,"teyen",49,-107.3
"704",52856,11045,"teyeq",39.694,-110.92
"705",52871,9896,"teyen",43.128,-104.072
"706",52873,8393,"teyeq",47.787,-108.936
"707",52874,12212,"teyep",36.342,-108.076
"708",52875,12212,"teyep",36.408,-108.353
"709",52903,8398,"teyen",47.667,-106.267
"710",52904,8398,"teyen",47.667,-106.3
"711",52925,11210,"teyeo",39.289,-111.106
"712",52926,11210,"teyeo",39.289,-111.106
"713",52927,7891,"teyep",49.3,-110.6
"714",52970,11210,"teyeo",39.289,-111.106
"715",52971,11210,"teyeo",39.289,-111.106
"716",52991,7887,"teyeq",49.283,-112.577
"717",52992,7887,"teyeq",49.138,-112.577
"718",53042,8053,"teyeq",48.911,-112.642
"719",53043,8053,"teyeq",48.911,-112.642
"720",53044,8053,"teyeq",48.911,-112.642
"721",53045,8053,"teyeq",48.911,-112.642
"722",53046,8053,"teyeq",48.911,-112.642
"723",53047,8053,"teyeq",48.911,-112.642
"724",53048,8051,"teyeq",48.63,-113.75
"725",53049,7888,"teyeq",49.283,-112.2
"726",53050,7888,"teyeq",49.283,-112.2
"727",53051,7888,"teyeq",49.283,-112.2
"728",53052,8219,"teyeq",48.483,-112.583
"729",53055,8386,"teyeq",47.812,-112.184
"730",53056,8386,"teyeq",47.812,-112.184
"731",53057,8386,"teyeq",47.812,-112.184
"732",53058,8386,"teyeq",47.812,-112.184
"733",53128,9233,"teyen",45.461,-103.842
"734",53155,12053,"teyen",36.511,-104.915
"735",53228,8397,"teyen",47.521,-106.967
"736",53490,11705,"teyeq",37.901,-112.959
"737",53514,12211,"teyep",36.485,-108.569
"738",53515,12212,"teyep",36.269,-108.167
"739",53516,9065,"teyen",45.785,-104.953
"740",53517,12211,"teyep",36.292,-108.55
"741",53824,9552,"teyen",44.06,-110.376
"742",53896,12212,"teyep",36.278,-108.256
"743",53899,12212,"teyep",36.5,-108.083
"744",53976,7391,"teyep",50.815,-111.595
"745",53980,12213,"teyep",36.184,-107.888
"746",53981,12211,"teyep",36.36,-108.566
"747",53982,12212,"teyep",36.286,-108.227
"748",53996,8220,"teyeq",48.464,-112.47
"749",53999,8220,"teyeq",48.464,-112.47
"750",54000,8220,"teyeq",48.464,-112.47
"751",54001,7391,"teyep",50.806,-111.624
"752",54002,9066,"teyen",45.501,-104.16
"753",54080,8398,"teyen",47.812,-106.278
"754",54081,8399,"teyen",47.683,-105.978
"755",54097,12213,"teyep",36.169,-107.799
"756",54098,12213,"teyep",36.169,-107.799
"757",54100,12213,"teyeo",36.169,-107.799
"758",54101,12213,"teyep",36.169,-107.799
"759",54103,12213,"teyeo",36.169,-107.799
"760",54104,12212,"teyep",36.344,-108.209
"761",54105,7729,"teyen",49.517,-108.817
"762",54176,9895,"teyen",43.489,-104.611
"763",54177,9895,"teyen",43.489,-104.611
"764",54178,9895,"teyen",43.489,-104.611
"765",54179,9896,"teyen",43.302,-104.366
"766",55247,8052,"teyeo",48.976,-113.344
"767",55266,8053,"teyeo",48.858,-112.736
"768",55267,8054,"teyeo",48.699,-112.432
"769",55274,8392,"teyep",47.527,-109.498
"770",55288,13210,"teyeo",33.154,-107.192
"771",55289,13210,"teyeo",33.154,-107.192
"772",55290,13210,"teyeo",33.154,-107.192
"773",55291,13210,"teyeo",33.154,-107.192
"774",55292,13210,"teyeo",33.154,-107.192
"775",55293,13210,"teyeo",33.154,-107.192
"776",55295,12212,"teyep",36.315,-108.048
"777",55296,12213,"teyep",36.14,-107.799
"778",55317,7391,"teyep",50.74,-111.515
"779",55324,8385,"teyeq",47.635,-112.583
"780",55326,9223,"teyen",45.041,-108.801
"781",55352,7391,"teyep",50.742,-111.507
"782",55353,8396,"teyen",47.567,-107.083
"783",55354,8398,"teyen",47.6,-106.217
"784",55355,8398,"teyen",47.683,-106.217
"785",55363,7057,"teyeo",51.996,-112.883
"786",55385,8396,"teyen",47.537,-107.168
"787",55386,8053,"teyeq",48.936,-112.642
"788",55882,12212,"teyep",36.271,-108.209
"789",55883,12212,"teyep",36.257,-108.191
"790",56005,12212,"teyep",36.388,-108.074
"791",56006,12212,"teyep",36.388,-108.074
"792",56007,12212,"teyep",36.388,-108.074
"793",56008,12212,"teyep",36.388,-108.074
"794",56009,12212,"teyep",36.388,-108.074
"795",56011,12212,"teyep",36.388,-108.074
"796",56012,12212,"teyep",36.388,-108.074
"797",56015,12212,"teyep",36.388,-108.074
"798",56016,12212,"teyep",36.388,-108.074
"799",56017,12212,"teyep",36.388,-108.074
"800",56019,12212,"teyep",36.286,-108.102
"801",56021,12212,"teyep",36.286,-108.102
"802",56022,12212,"teyep",36.286,-108.102
"803",56023,12212,"teyep",36.286,-108.102
"804",56024,12212,"teyep",36.286,-108.102
"805",56025,12212,"teyep",36.286,-108.102
"806",56027,12212,"teyep",36.286,-108.102
"807",56028,12212,"teyep",36.286,-108.102
"808",56040,12212,"teyep",36.344,-108.084
"809",56041,12212,"teyep",36.344,-108.084
"810",56042,12212,"teyep",36.344,-108.084
"811",56043,12212,"teyep",36.344,-108.084
"812",56044,12212,"teyep",36.344,-108.084
"813",56046,12212,"teyep",36.294,-108.103
"814",56084,12212,"teyep",36.27,-108.144
"815",56085,12212,"teyep",36.27,-108.144
"816",56086,12212,"teyep",36.27,-108.144
"817",56087,12212,"teyep",36.271,-108.227
"818",56088,12212,"teyep",36.27,-108.144
"819",56089,12212,"teyep",36.27,-108.144
"820",56090,12212,"teyep",36.27,-108.144
"821",56091,12212,"teyep",36.27,-108.144
"822",56092,12212,"teyep",36.27,-108.144
"823",56093,12212,"teyep",36.271,-108.209
"824",56094,12212,"teyep",36.27,-108.144
"825",56095,12212,"teyep",36.27,-108.144
"826",56096,12212,"teyep",36.27,-108.144
"827",56097,12212,"teyep",36.27,-108.144
"828",56098,12212,"teyep",36.27,-108.144
"829",56099,12212,"teyep",36.27,-108.144
"830",56100,12212,"teyep",36.27,-108.144
"831",56101,12212,"teyep",36.27,-108.144
"832",56102,12212,"teyep",36.269,-108.168
"833",56103,12212,"teyep",36.269,-108.168
"834",56104,12212,"teyep",36.269,-108.168
"835",56105,12212,"teyep",36.269,-108.168
"836",56106,12212,"teyep",36.3,-108.191
"837",56107,12212,"teyep",36.3,-108.191
"838",56108,12212,"teyep",36.3,-108.191
"839",56109,12212,"teyep",36.3,-108.191
"840",56110,12212,"teyep",36.3,-108.191
"841",56111,12212,"teyep",36.3,-108.191
"842",56112,12212,"teyep",36.192,-108.091
"843",56113,12212,"teyep",36.192,-108.091
"844",56114,12212,"teyep",36.192,-108.091
"845",56115,12212,"teyep",36.228,-108.084
"846",56116,12212,"teyep",36.228,-108.066
"847",56117,12212,"teyep",36.22,-108.075
"848",56118,12212,"teyep",36.22,-108.075
"849",56119,12212,"teyep",36.213,-108.066
"850",56120,12212,"teyep",36.22,-108.075
"851",56121,12212,"teyep",36.213,-108.084
"852",56122,12212,"teyep",36.22,-108.075
"853",56261,12213,"teyep",36.061,-107.962
"854",56262,12213,"teyep",36.061,-107.962
"855",56263,12213,"teyep",36.061,-107.962
"856",56265,12213,"teyep",36.061,-107.962
"857",56266,12212,"teyep",36.344,-108.066
"858",56267,12212,"teyep",36.344,-108.066
"859",56268,12212,"teyep",36.344,-108.066
"860",56269,12212,"teyep",36.344,-108.066
"861",56270,12212,"teyep",36.344,-108.066
"862",56271,12212,"teyep",36.294,-108.103
"863",56272,12212,"teyep",36.294,-108.103
"864",56274,12212,"teyep",36.329,-108.048
"865",56275,12212,"teyep",36.329,-108.048
"866",56277,12212,"teyep",36.284,-108.103
"867",56278,12212,"teyep",36.269,-108.167
"868",56284,12212,"teyep",36.3,-108.084
"869",56286,12212,"teyep",36.3,-108.084
"870",56287,12212,"teyep",36.3,-108.084
"871",56291,12212,"teyep",36.257,-108.173
"872",56293,12212,"teyep",36.27,-108.144
"873",56294,12212,"teyep",36.27,-108.144
"874",56295,12212,"teyep",36.27,-108.144
"875",56297,12212,"teyep",36.27,-108.144
"876",56298,12212,"teyep",36.27,-108.144
"877",56299,12212,"teyep",36.27,-108.144
"878",56302,12212,"teyep",36.27,-108.144
"879",56303,12212,"teyep",36.27,-108.144
"880",56304,12212,"teyep",36.27,-108.144
"881",56306,12212,"teyep",36.315,-108.173
"882",56307,12212,"teyep",36.27,-108.144
"883",56308,12212,"teyep",36.27,-108.144
"884",56309,12212,"teyep",36.27,-108.144
"885",56310,12212,"teyep",36.27,-108.144
"886",56311,12212,"teyep",36.27,-108.144
"887",56312,12212,"teyep",36.27,-108.144
"888",56315,12212,"teyep",36.278,-108.256
"889",56316,12212,"teyep",36.278,-108.256
"890",56317,12212,"teyep",36.278,-108.256
"891",56318,12213,"teyep",36.021,-107.636
"892",56319,12213,"teyep",36.021,-107.636
"893",56320,12213,"teyep",36.021,-107.636
"894",56322,12213,"teyep",36.155,-107.834
"895",56323,12381,"teyep",35.906,-106.539
"896",56324,12380,"teyep",35.966,-107.495
"897",56325,12213,"teyep",36.169,-107.959
"898",56326,12213,"teyep",36.169,-107.959
"899",56360,12213,"teyep",36.169,-107.941
"900",56361,12213,"teyep",36.061,-107.962
"901",56363,12213,"teyep",36.061,-107.962
"902",56364,12213,"teyep",36.061,-107.962
"903",56366,12213,"teyep",36.228,-107.941
"904",56367,12213,"teyep",36.228,-107.941
"905",56368,12213,"teyep",36.228,-107.941
"906",56369,12213,"teyep",36.228,-107.941
"907",56370,12213,"teyep",36.228,-107.941
"908",56371,12213,"teyep",36.024,-107.798
"909",56372,12213,"teyep",36.024,-107.798
"910",56373,12213,"teyep",36.024,-107.798
"911",56374,12213,"teyep",36.024,-107.798
"912",56375,12213,"teyep",36.024,-107.798
"913",56378,12213,"teyep",36.024,-107.798
"914",56379,12213,"teyep",36.024,-107.798
"915",56381,12380,"teyep",35.897,-107.455
"916",56383,12212,"teyep",36.242,-108.191
"917",56384,12212,"teyep",36.242,-108.191
"918",56385,12212,"teyep",36.242,-108.191
"919",56386,12212,"teyep",36.242,-108.191
"920",56387,12212,"teyep",36.242,-108.191
"921",56388,12212,"teyep",36.242,-108.191
"922",56390,12212,"teyep",36.143,-108.109
"923",56391,12213,"teyep",36.061,-107.962
"924",56392,12212,"teyep",36.27,-108.144
"925",56393,12213,"teyep",36.024,-107.798
"926",56424,12212,"teyep",36.27,-108.144
"927",56425,12212,"teyep",36.27,-108.144
"928",56426,12212,"teyep",36.27,-108.144
"929",56427,12212,"teyep",36.27,-108.144
"930",56428,12212,"teyep",36.27,-108.144
"931",56429,12212,"teyep",36.27,-108.144
"932",56430,12212,"teyep",36.329,-108.138
"933",56431,12212,"teyep",36.344,-108.138
"934",56432,12212,"teyep",36.315,-108.173
"935",56434,12212,"teyep",36.315,-108.173
"936",56435,12212,"teyep",36.315,-108.173
"937",56436,12212,"teyep",36.278,-108.256
"938",56437,12213,"teyep",36.184,-107.841
"939",56438,12213,"teyep",36.242,-107.834
"940",56440,12213,"teyep",36.061,-107.962
"941",56441,12213,"teyep",36.024,-107.798
"942",56442,12213,"teyep",36.097,-107.852
"943",56443,12212,"teyep",36.286,-108.12
"944",56444,12212,"teyep",36.286,-108.12
"945",56445,12212,"teyep",36.184,-108.12
"946",56446,12212,"teyep",36.329,-108.048
"947",56447,12212,"teyep",36.3,-108.048
"948",56448,12212,"teyep",36.3,-108.066
"949",56449,12212,"teyep",36.286,-108.102
"950",56450,12212,"teyep",36.3,-108.066
"951",56451,12212,"teyep",36.3,-108.102
"952",56452,12212,"teyep",36.3,-108.102
"953",56453,12212,"teyep",36.294,-108.103
"954",56454,12212,"teyep",36.294,-108.103
"955",56455,12543,"teyep",35.458,-108.662
"956",56456,12380,"teyep",35.922,-107.388
"957",56457,12380,"teyep",35.922,-107.37
"958",56458,12380,"teyep",35.966,-107.478
"959",56566,12213,"teyep",36.155,-107.817
"960",56567,12213,"teyep",36.155,-107.817
"961",56569,12213,"teyep",36.155,-107.817
"962",56570,12213,"teyep",36.155,-107.817
"963",56571,12213,"teyep",36.155,-107.817
"964",56572,12213,"teyep",36.169,-107.817
"965",56575,12379,"teyep",35.992,-107.582
"966",56576,12379,"teyep",35.992,-107.582
"967",56577,12379,"teyep",35.992,-107.582
"968",56578,12379,"teyep",35.992,-107.582
"969",56579,12379,"teyep",35.992,-107.582
"970",56580,12379,"teyep",35.992,-107.582
"971",56581,12379,"teyep",35.992,-107.582
"972",56582,12379,"teyep",35.992,-107.582
"973",56584,12379,"teyep",35.992,-107.582
"974",56585,12379,"teyep",35.992,-107.582
"975",56587,12379,"teyep",35.992,-107.582
"976",56588,12379,"teyep",35.992,-107.582
"977",56589,12379,"teyep",35.992,-107.582
"978",56591,12379,"teyep",35.992,-107.582
"979",56593,12379,"teyep",35.992,-107.582
"980",56594,12379,"teyep",35.992,-107.582
"981",56595,12379,"teyep",35.992,-107.582
"982",56597,12379,"teyep",35.992,-107.582
"983",56598,12379,"teyep",35.992,-107.582
"984",56601,12379,"teyep",35.992,-107.582
"985",56602,12379,"teyep",35.992,-107.582
"986",56603,12379,"teyep",35.992,-107.582
"987",56604,12379,"teyep",35.992,-107.582
"988",56605,12379,"teyep",35.992,-107.582
"989",56606,12379,"teyep",35.992,-107.582
"990",56607,12379,"teyep",35.992,-107.582
"991",56613,12381,"teyep",36,-107
"992",56616,12212,"teyep",36.286,-108.245
"993",56622,12212,"teyep",36.271,-108.245
"994",56624,12212,"teyep",36.271,-108.209
"995",56625,12212,"teyep",36.271,-108.209
"996",56627,12212,"teyep",36.271,-108.209
"997",56637,12212,"teyep",36.257,-108.209
"998",56638,12212,"teyep",36.271,-108.227
"999",56644,12212,"teyep",36.213,-108.084
"1000",56646,12047,"teyep",36.836,-107.768
"1001",56648,12046,"teyep",36.988,-108.175
"1002",56650,12046,"teyep",36.988,-108.175
"1003",56652,12046,"teyep",36.972,-108.175
"1004",57142,8397,"teyep",47.654,-106.882
"1005",57158,9896,"teyen",43.233,-104.5
"1006",57159,9895,"teyen",43.067,-104.6
"1007",57161,9895,"teyen",43.067,-104.567
"1008",57162,9895,"teyen",43.117,-104.583
"1009",57163,9895,"teyen",43.267,-104.617
"1010",57166,9895,"teyen",43.267,-104.65
"1011",57168,9895,"teyen",43.283,-104.533
"1012",57169,9895,"teyen",43.15,-104.583
"1013",57170,9895,"teyen",43.267,-104.6
"1014",57764,10059,"teyen",42.967,-105.534
"1015",57765,8397,"teyen",47.575,-106.758
"1016",57914,8397,"teyen",47.6,-107
"1017",57919,8907,"teyen",46.087,-100.63
"1018",58156,8393,"teyep",47.772,-108.948
"1019",58157,8057,"teyen",49,-110.55
"1020",58520,11707,"teyep",37.647,-111.862
"1021",58758,7392,"teyep",50.75,-111.469
"1022",58759,7392,"teyep",50.737,-111.495
"1023",58760,7391,"teyep",50.739,-111.532
"1024",58807,8219,"teyen",48.431,-112.826
"1025",58808,7392,"teyeq",50.721,-111.397
"1026",58813,9236,"teyen",45.096,-102.091
"1027",58900,7391,"teyep",50.737,-111.523
"1028",58901,7391,"teyep",50.734,-111.512
"1029",58902,7391,"teyep",50.737,-111.504
"1030",58903,7392,"teyep",50.749,-111.49
"1031",58904,7392,"teyep",50.745,-111.485
"1032",58905,7392,"teyep",50.747,-111.445
"1033",58906,7392,"teyep",50.747,-111.444
"1034",58907,7391,"teyep",50.811,-111.591
"1035",58908,7391,"teyep",50.813,-111.589
"1036",58909,7391,"teyep",50.811,-111.585
"1037",58910,7392,"teyep",50.757,-111.43
"1038",58911,7392,"teyep",50.762,-111.427
"1039",58912,7391,"teyep",50.8,-111.631
"1040",58913,7391,"teyep",50.807,-111.62
"1041",58943,7391,"teyep",50.801,-111.615
"1042",58944,7391,"teyep",50.804,-111.612
"1043",58945,7391,"teyep",50.79,-111.614
"1044",58946,7391,"teyep",50.795,-111.606
"1045",58947,7391,"teyep",50.793,-111.597
"1046",58948,7391,"teyep",50.785,-111.618
"1047",58949,7391,"teyep",50.785,-111.624
"1048",58950,7391,"teyep",50.733,-111.509
"1049",58951,7391,"teyep",50.733,-111.509
"1050",58952,7392,"teyep",50.749,-111.466
"1051",58953,7391,"teyep",50.761,-111.566
"1052",58954,7391,"teyep",50.733,-111.567
"1053",58955,7391,"teyep",50.821,-111.632
"1054",58956,7391,"teyep",50.812,-111.631
"1055",58957,7392,"teyep",50.73,-111.425
"1056",58958,7392,"teyep",50.761,-111.422
"1057",58959,7392,"teyep",50.768,-111.455
"1058",58960,7392,"teyep",50.77,-111.453
"1059",58962,7391,"teyep",50.821,-111.602
"1060",59004,7391,"teyep",50.826,-111.595
"1061",59005,7391,"teyep",50.749,-111.568
"1062",59006,7391,"teyep",50.79,-111.61
"1063",59007,7391,"teyep",50.792,-111.606
"1064",59008,7391,"teyep",50.571,-111.511
"1065",59009,7391,"teyep",50.734,-111.514
"1066",59010,7391,"teyep",50.738,-111.502
"1067",59011,7391,"teyep",50.733,-111.512
"1068",59012,7392,"teyep",50.783,-111.364
"1069",59013,7392,"teyep",50.784,-111.363
"1070",59014,7391,"teyep",50.819,-111.6
"1071",59015,7392,"teyep",50.749,-111.407
"1072",59016,7392,"teyep",50.755,-111.398
"1073",59017,7392,"teyep",50.756,-111.401
"1074",59018,7392,"teyep",50.749,-111.414
"1075",59019,7391,"teyep",50.742,-111.566
"1076",59020,7392,"teyep",50.745,-111.49
"1077",59021,7392,"teyep",50.743,-111.491
"1078",59022,7391,"teyep",50.733,-111.547
"1079",59023,7391,"teyep",50.76,-111.504
"1080",59024,7391,"teyep",50.76,-111.504
"1081",59025,7391,"teyep",50.747,-111.517
"1082",59026,7391,"teyep",50.737,-111.51
"1083",59027,7392,"teyep",50.74,-111.483
"1084",59037,7391,"teyep",50.813,-111.606
"1085",59038,7391,"teyep",50.738,-111.563
"1086",59039,7391,"teyep",50.744,-111.513
"1087",59041,7391,"teyeq",50.753,-111.514
"1088",59043,7391,"teyep",50.753,-111.506
"1089",59046,7391,"teyep",50.744,-111.567
"1090",59047,7391,"teyep",50.743,-111.572
"1091",59048,7392,"teyep",50.746,-111.493
"1092",59049,7392,"teyep",50.735,-111.484
"1093",59050,7391,"teyep",50.732,-111.52
"1094",59051,7392,"teyep",50.745,-111.469
"1095",59052,7392,"teyep",50.752,-111.476
"1096",59068,12211,"teyeo",36.237,-108.893
"1097",59102,7391,"teyep",50.74,-111.52
"1098",59103,7391,"teyep",50.749,-111.505
"1099",59104,7392,"teyep",50.761,-111.498
"1100",59105,7392,"teyeq",50.762,-111.499
"1101",59106,7391,"teyep",50.738,-111.503
"1102",59107,7392,"teyep",50.809,-111.327
"1103",59108,7391,"teyep",50.83,-111.615
"1104",59109,7392,"teyep",50.747,-111.491
"1105",59110,7391,"teyep",50.813,-111.58
"1106",59111,7391,"teyep",50.74,-111.515
"1107",59113,7391,"teyep",50.814,-111.598
"1108",59115,7391,"teyep",50.793,-111.627
"1109",59116,7392,"teyep",50.743,-111.489
"1110",59117,7391,"teyep",50.752,-111.53
"1111",59119,7392,"teyep",50.75,-111.479
"1112",59120,7391,"teyep",50.742,-111.501
"1113",59121,7391,"teyep",50.814,-111.63
"1114",59130,7392,"teyep",50.749,-111.481
"1115",59131,7391,"teyep",50.793,-111.592
"1116",59132,7391,"teyep",50.743,-111.503
"1117",59135,7391,"teyep",50.744,-111.55
"1118",59136,7391,"teyep",50.794,-111.579
"1119",59137,7391,"teyep",50.742,-111.512
"1120",59138,7391,"teyep",50.794,-111.58
"1121",59139,7392,"teyep",50.746,-111.483
"1122",59140,7391,"teyep",50.794,-111.581
"1123",59141,7391,"teyep",50.735,-111.501
"1124",59142,7392,"teyep",50.768,-111.456
"1125",59143,7392,"teyep",50.769,-111.398
"1126",59144,7392,"teyep",50.771,-111.457
"1127",59145,7392,"teyep",50.796,-111.397
"1128",59146,7392,"teyep",50.761,-111.416
"1129",59217,9720,"teyep",43.636,-109.353
"1130",59219,7391,"teyep",50.726,-111.558
"1131",59220,7392,"teyep",50.75,-111.477
"1132",59221,7392,"teyep",50.75,-111.477
"1133",59222,7391,"teyep",50.741,-111.576
"1134",59224,7392,"teyep",50.747,-111.483
"1135",59225,7391,"teyep",50.818,-111.578
"1136",59226,7392,"teyep",50.747,-111.487
"1137",59228,7391,"teyep",50.822,-111.856
"1138",59373,8053,"teyeq",48.936,-112.642
"1139",59374,8567,"teyen",47.1,-104.655
"1140",59378,7890,"teyeq",49.483,-111.374
"1141",59379,7723,"teyeq",49.826,-111.699
"1142",60169,9065,"teyen",45.889,-104.553
"1143",60172,9895,"teyen",43.369,-104.698
"1144",60173,7391,"teyep",50.815,-111.575
"1145",60363,7391,"teyeq",50.748,-111.524
"1146",60364,7888,"teyeq",49.286,-112.206
"1147",60518,8059,"teyep",48.538,-109.815
"1148",60555,9895,"teyen",43.284,-104.671
"1149",60563,7057,"teyeo",51.539,-112.879
"1150",60766,8396,"teyen",47.536,-107.083
"1151",60873,7391,"teyep",50.821,-111.615
"1152",60876,7391,"teyep",50.823,-111.604
"1153",60877,7391,"teyep",50.823,-111.604
"1154",61433,7392,"teyeq",50.859,-111.144
"1155",61452,8889,"teyep",46.242,-109.592
"1156",61468,7560,"teyeq",50.473,-110.385
"1157",61469,7391,"teyeq",50.815,-111.581
"1158",61470,7391,"teyeq",50.791,-111.618
"1159",61471,7392,"teyeq",50.742,-111.489
"1160",61493,7392,"teyeq",50.753,-111.419
"1161",61625,7392,"teyep",50.729,-111.494
"1162",61627,7392,"teyep",50.742,-111.489
"1163",61628,7057,"teyeo",51.776,-112.958
"1164",61629,7057,"teyeo",51.689,-112.931
"1165",61631,8053,"teyeo",48.638,-112.978
"1166",61843,8386,"teyeq",47.99,-112.276
"1167",61844,11706,"teyeq",37.635,-112.119
"1168",61848,10385,"teyep",41.624,-108.743
"1169",61849,10385,"teyeq",41.769,-108.976
"1170",61858,12212,"teyep",36.267,-108.2
"1171",62314,12212,"teyep",36.086,-108.008
"1172",62317,12212,"teyep",36.143,-108.109
"1173",62318,12212,"teyep",36.104,-108.088
"1174",62321,7888,"teyeq",49.283,-112.2
"1175",62322,7888,"teyeq",49.283,-112.2
"1176",62477,12046,"teyep",36.633,-108.482
"1177",62478,12046,"teyep",36.517,-108.411
"1178",62479,12046,"teyep",36.522,-108.411
"1179",62480,12212,"teyep",36.406,-108.291
"1180",62481,12212,"teyep",36.281,-108.184
"1181",62483,12212,"teyep",36.353,-108.121
"1182",62484,12046,"teyep",36.705,-108.42
"1183",62485,12212,"teyep",36.336,-108.06
"1184",62486,12212,"teyeo",36.321,-108.041
"1185",62487,12212,"teyep",36.344,-108.091
"1186",62488,12212,"teyeo",36.325,-108.03
"1187",62489,12212,"teyep",36.303,-108.041
"1188",62490,12212,"teyep",36.486,-108.322
"1189",62528,12046,"teyep",36.624,-108.464
"1190",62529,12212,"teyeo",36.304,-108.027
"1191",62530,12046,"teyep",36.701,-108.296
"1192",62531,12213,"teyeo",36.314,-108
"1193",62532,12212,"teyeo",36.325,-108.017
"1194",62533,12212,"teyep",36.325,-108.017
"1195",62534,12212,"teyeo",36.323,-108.031
"1196",62535,12212,"teyep",36.334,-108.083
"1197",62536,12212,"teyep",36.268,-108.25
"1198",62537,12212,"teyep",36.288,-108.228
"1199",62539,8053,"teyeq",48.737,-112.732
"1200",62540,8220,"teyeq",48.467,-112.452
"1201",62541,8053,"teyeq",48.911,-112.642
"1202",62542,12213,"teyeo",36.314,-108
"1203",62543,12213,"teyeo",36.314,-108
"1204",62544,12212,"teyeo",36.315,-108.031
"1205",62545,12212,"teyeo",36.315,-108.031
"1206",62546,12213,"teyeo",36.314,-108
"1207",62547,12213,"teyep",36.169,-107.888
"1208",62548,12213,"teyep",36.169,-107.906
"1209",62549,12213,"teyep",36.169,-107.906
"1210",62723,8890,"teyep",46.286,-109.318
"1211",64003,12212,"teyep",36.344,-108.12
"1212",64004,12212,"teyep",36.315,-108.102
"1213",64006,12212,"teyep",36.257,-108.138
"1214",64009,12212,"teyep",36.344,-108.263
"1215",64011,12380,"teyep",35.908,-107.21
"1216",64012,12380,"teyep",35.908,-107.246
"1217",64013,12213,"teyep",36.155,-107.977
"1218",64094,12213,"teyep",36.186,-107.889
"1219",64096,12212,"teyep",36.315,-108.084
"1220",64149,7392,"teyep",50.757,-111.466
"1221",64318,7391,"teyep",50.73,-111.556
"1222",64319,7057,"teyep",51.95,-112.935
"1223",64324,7223,"teyeo",51.485,-112.772
"1224",64325,7724,"teyep",49.986,-111.422
"1225",64326,7392,"teyep",50.742,-111.489
"1226",64327,7391,"teyep",50.786,-111.604
"1227",64335,7394,"teyeq",50.713,-110.132
"1228",64336,7394,"teyeq",50.728,-110.063
"1229",64338,7888,"teyeq",49.286,-112.206
"1230",64352,7554,"teyeo",50.189,-113.008
"1231",64353,6890,"teyen",52.081,-113.005
"1232",64399,7891,"teyeq",49.36,-110.575
"1233",64400,7892,"teyep",49.142,-110.482
"1234",64402,7066,"teyep",51.557,-108.139
"1235",64427,7392,"teyep",50.763,-111.462
"1236",64428,8567,"teyen",47.054,-104.736
"1237",64429,8898,"teyen",46.258,-105.118
"1238",64430,7057,"teyeo",51.819,-112.982
"1239",64432,7057,"teyeo",51.906,-112.97
"1240",64436,7057,"teyeo",51.746,-112.958
"1241",64628,7057,"teyen",51.819,-112.982
"1242",64629,7057,"teyeo",51.746,-112.958
"1243",64630,7057,"teyeo",51.746,-112.958
"1244",64631,7057,"teyeo",51.819,-112.982
"1245",64632,7392,"teyep",50.746,-111.493
"1246",64635,11213,"teyep",39.033,-109.703
"1247",64640,10718,"teyeq",40.677,-108.25
"1248",64641,11051,"teyeq",39.937,-107.957
"1249",64643,8393,"teyep",47.772,-108.947
"1250",64644,9896,"teyen",43.442,-104.412
"1251",64645,9895,"teyen",43.158,-104.553
"1252",64654,7724,"teyeq",49.951,-111.423
"1253",64785,8220,"teyeq",48.302,-112.335
"1254",64786,7886,"teyen",49.2,-113.3
"1255",64787,7721,"teyeo",49.7,-112.817
"1256",64788,8059,"teyep",48.568,-109.987
"1257",64789,8385,"teyep",47.773,-112.598
"1258",64790,7891,"teyep",49.45,-110.817
"1259",64791,7719,"teyen",49.593,-113.976
"1260",65827,7391,"teyep",50.727,-111.525
"1261",65895,7391,"teyep",50.742,-111.517
"1262",65901,7391,"teyep",50.769,-111.52
"1263",65903,7391,"teyep",50.772,-111.528
"1264",65904,7392,"teyep",50.763,-111.435
"1265",65906,7392,"teyep",50.763,-111.425
"1266",65908,7391,"teyep",50.827,-111.596
"1267",65924,7391,"teyep",50.743,-111.519
"1268",65925,7392,"teyep",50.751,-111.409
"1269",65926,7392,"teyep",50.761,-111.49
"1270",65927,7392,"teyep",50.752,-111.404
"1271",65928,7392,"teyep",50.756,-111.489
"1272",65929,7391,"teyep",50.795,-111.575
"1273",65931,7392,"teyep",50.754,-111.474
"1274",65932,7392,"teyep",50.754,-111.471
"1275",67129,8398,"teyen",47.751,-106.204
"1276",67612,7057,"teyeo",51.611,-112.875
"1277",67869,7391,"teyep",50.74,-111.517
"1278",67870,7392,"teyep",50.738,-111.479
"1279",67871,7391,"teyep",50.73,-111.507
"1280",67872,7391,"teyep",50.756,-111.525
"1281",67873,7392,"teyep",50.844,-111.305
"1282",67874,7392,"teyep",50.758,-111.371
"1283",67875,7392,"teyep",50.844,-111.305
"1284",67876,7392,"teyep",50.725,-111.486
"1285",67877,7392,"teyep",50.725,-111.468
"1286",67878,7391,"teyep",50.756,-111.525
"1287",67879,7393,"teyeq",50.644,-110.91
"1288",67880,7394,"teyeq",50.733,-110.075
"1289",67881,7228,"teyep",51.439,-110.386
"1290",67882,7228,"teyep",51.436,-110.386
"1291",67883,7228,"teyep",51.467,-110.388
"1292",67884,7394,"teyeq",50.73,-110.089
"1293",67885,6898,"teyep",52.45,-109.167
"1294",67892,7392,"teyeq",50.751,-111.408
"1295",67893,7392,"teyep",50.773,-111.458
"1296",67894,7391,"teyep",50.755,-111.514
"1297",68042,12212,"teyeo",36.344,-108.084
"1298",68045,8386,"teyeq",47.806,-112.223
"1299",68253,13534,"teyep",32.226,-111.104
"1300",69151,7891,"teyeq",49.121,-110.863
"1301",69152,8057,"teyep",48.945,-110.562
"1302",69213,8391,"teyep",47.719,-109.637
"1303",69214,9072,"teyen",45.673,-101.39
"1304",69281,8063,"teyep",48.562,-107.778
"1305",69621,7223,"teyeo",51.456,-112.728
"1306",69624,8557,"teyep",47.398,-109.651
"1307",69799,11707,"teyep",37.629,-111.86
"1308",69931,8219,"teyeq",48.497,-112.524
"1309",70051,8053,"teyeq",48.938,-112.651
"1310",70052,7391,"teyeq",50.6,-111.62
"1311",70054,7391,"teyeq",50.6,-111.62
"1312",70055,7391,"teyeq",50.6,-111.62
"1313",70276,11707,"teyep",37.631,-111.857
"1314",70335,12212,"teyeo",36.315,-108.031
"1315",70340,10389,"teyeo",41.8,-107
"1316",70341,10389,"teyeo",41.8,-107
"1317",70343,10389,"teyen",41.8,-107
"1318",71435,11045,"teyeq",39.699,-110.929
"1319",71436,11045,"teyeq",39.728,-110.867
"1320",71484,7886,"teyeo",49.192,-113.306
"1321",72143,8396,"teyen",47.657,-107.337
"1322",72144,7558,"teyeq",50.45,-111.12
"1323",72145,9896,"teyen",43.384,-104.471
"1324",73461,6892,"teyeo",52.283,-112.15
"1325",73891,8063,"teyep",48.596,-107.895
"1326",73927,11057,"teyen",39.985,-104.82
"1327",73947,9232,"teyen",45.46,-104.157
"1328",73948,9065,"teyen",45.591,-104.91
"1329",74009,8397,"teyen",47.6,-107
"1330",74120,7891,"teyep",49.351,-110.559
"1331",74175,9234,"teyen",45.063,-103.452
"1332",74642,7721,"teyeo",49.92,-112.974
"1333",74657,7391,"teyep",50.823,-111.62
"1334",75280,10389,"teyen",41.94,-106.876
"1335",75281,10389,"teyen",41.94,-106.876
"1336",75283,10389,"teyen",41.939,-106.891
"1337",75284,10389,"teyen",41.935,-106.89
"1338",75285,10389,"teyen",41.939,-106.881
"1339",75286,10389,"teyen",41.8,-107
"1340",75287,10389,"teyen",41.935,-106.881
"1341",75289,10389,"teyen",41.935,-106.881
"1342",75290,10389,"teyen",41.935,-106.881
"1343",75292,10389,"teyen",41.938,-106.853
"1344",75293,10389,"teyen",41.938,-106.853
"1345",75294,10389,"teyen",41.938,-106.853
"1346",75295,10389,"teyen",41.939,-106.881
"1347",75296,10389,"teyen",41.939,-106.881
"1348",75297,10389,"teyen",41.956,-106.891
"1349",75298,10389,"teyen",41.954,-106.885
"1350",75299,10389,"teyen",41.956,-106.886
"1351",75429,10389,"teyen",41.94,-106.876
"1352",75430,10389,"teyen",41.94,-106.876
"1353",75431,10389,"teyen",41.94,-106.876
"1354",75432,10389,"teyen",41.94,-106.876
"1355",75433,10389,"teyen",41.94,-106.892
"1356",75434,10389,"teyen",41.94,-106.892
"1357",75435,10389,"teyen",41.94,-106.892
"1358",75439,10389,"teyen",41.94,-106.892
"1359",75441,10389,"teyen",41.94,-106.892
"1360",75442,10389,"teyen",41.94,-106.892
"1361",75443,10389,"teyen",41.935,-106.882
"1362",75445,10389,"teyen",41.935,-106.882
"1363",75446,10389,"teyen",41.935,-106.882
"1364",75447,10389,"teyen",41.935,-106.882
"1365",75467,11707,"teyep",37.637,-111.859
"1366",75475,7057,"teyeo",51.953,-112.935
"1367",75476,7392,"teyep",50.757,-111.489
"1368",75836,11873,"teyep",37.416,-111.766
"1369",75837,11874,"teyep",37.4,-111.2
"1370",75838,11874,"teyep",37.4,-111.2
"1371",75839,11708,"teyeq",37.6,-111.35
"1372",75840,11708,"teyeq",37.6,-111.35
"1373",75845,11708,"teyeq",37.6,-111.35
"1374",75846,11708,"teyep",37.8,-111.5
"1375",75847,11708,"teyep",37.8,-111.5
"1376",75849,11871,"teyep",37.202,-112.88
"1377",75850,11871,"teyep",37.202,-112.88
"1378",75851,11708,"teyeq",37.6,-111.35
"1379",76030,7392,"teyep",50.733,-111.3
"1380",76055,7391,"teyep",50.733,-111.512
"1381",76062,6557,"teyeo",53.448,-113.545
"1382",76105,12212,"teyep",36.315,-108.084
"1383",76106,12212,"teyep",36.344,-108.084
"1384",76107,12212,"teyep",36.344,-108.084
"1385",76714,12212,"teyep",36.294,-108.227
"1386",76715,10883,"teyep",40.032,-108.847
"1387",76747,12212,"teyeo",36.269,-108.167
"1388",76752,7391,"teyep",50.775,-111.573
"1389",76753,12213,"teyep",36.155,-107.817
"1390",76760,12212,"teyep",36.315,-108.084
"1391",76761,12212,"teyep",36.344,-108.084
"1392",76762,12212,"teyep",36.344,-108.084
"1393",76763,12212,"teyep",36.344,-108.084
"1394",77259,8224,"teyep",48.026,-110.244
"1395",77261,7392,"teyep",50.821,-111.231
"1396",77265,7392,"teyep",50.817,-111.322
"1397",77266,7391,"teyep",50.747,-111.552
"1398",78054,12545,"teyeq",35.5,-107.655
"1399",79692,7057,"teyeo",51.688,-112.911
"1400",80023,11869,"teyeq",37.286,-113.763
"1401",80026,11705,"teyeq",37.909,-112.749
"1402",81041,8397,"teyen",47.584,-106.925
"1403",81042,8398,"teyen",47.654,-106.277
"1404",83299,8895,"teyen",46.376,-106.803
"1405",84299,11056,"teyeo",39.736,-105.212
"1406",84300,11874,"teyeq",37.178,-111.349
"1407",84301,11873,"teyeq",37.191,-111.647
"1408",84455,8901,"teyen",46.287,-103.946
"1409",85498,8397,"teyen",47.614,-106.897
"1410",85499,8397,"teyen",47.614,-106.897
"1411",86515,7892,"teyep",49.067,-110.45
"1412",86842,11045,"teyeq",39.727,-110.864
"1413",86892,11056,"teyeo",39.845,-105.184
"1414",87125,5881,"teyep",55.069,-119.552
"1415",88987,9065,"teyen",45.766,-104.832
"1416",88988,9065,"teyen",45.788,-104.773
"1417",88990,9065,"teyen",45.73,-104.891
"1418",89604,5883,"teyep",55.26,-118.511
"1419",89605,5883,"teyep",55.254,-118.513
"1420",89606,5883,"teyep",55.252,-118.51
"1421",90189,8219,"teyeq",48.067,-113
"1422",91359,9231,"teyen",45.104,-104.917
"1423",92963,7057,"teyeo",51.509,-112.843
"1424",94148,11210,"teyeo",39.3,-111.15
"1425",94368,8386,"teyeq",47.715,-112.223
"1426",94370,7223,"teyeo",51.456,-112.673
"1427",94765,7391,"teyep",50.742,-111.518
"1428",96081,10726,"teyeo",40.8,-104.467
"1429",96082,10725,"teyeo",40.95,-104.917
"1430",96083,10725,"teyeo",40.8,-104.65
"1431",96084,10726,"teyeo",40.8,-104.467
"1432",96455,7223,"teyeo",51.41,-112.63
"1433",96457,7223,"teyeo",51.4,-112.59
"1434",96534,7391,"teyep",50.667,-111.601
"1435",96603,8219,"teyeo",48.429,-112.831
"1436",96813,12211,"teyep",36.292,-108.55
"1437",96814,12211,"teyep",36.292,-108.55
"1438",97762,7392,"teyep",50.753,-111.37
"1439",97795,12212,"teyeo",36.344,-108.066
"1440",97796,12212,"teyeo",36.344,-108.066
"1441",97797,7057,"teyeo",51.805,-112.958
"1442",97798,9067,"teyen",45.713,-103.561
"1443",97800,11707,"teyep",37.559,-111.745
"1444",97801,11707,"teyep",37.559,-111.745
"1445",97802,11707,"teyep",37.53,-111.762
"1446",97803,11707,"teyep",37.53,-111.762
"1447",97804,11873,"teyep",37.491,-111.721
"1448",97805,11873,"teyep",37.491,-111.721
"1449",97806,11873,"teyep",37.469,-111.697
"1450",97808,11873,"teyep",37.469,-111.697
"1451",97809,11873,"teyep",37.469,-111.697
"1452",97810,11873,"teyep",37.469,-111.697
"1453",97811,11873,"teyep",37.42,-111.734
"1454",98674,7391,"teyep",50.748,-111.502
"1455",98677,7391,"teyep",50.748,-111.502
"1456",99441,9230,"teyen",45.383,-105.3
"1457",99589,8900,"teyen",46.464,-104.002
"1458",99816,7392,"teyep",50.783,-111.5
"1459",99864,9894,"teyen",43.433,-105.05
"1460",99881,8562,"teyen",47.317,-107.15
"1461",100110,8399,"teyen",47.95,-105.633
"1462",100582,12213,"teyep",36.217,-107.9
"1463",100583,12212,"teyep",36.333,-108.033
"1464",100675,12045,"teyep",36.6,-108.567
"1465",100677,12211,"teyep",36.3,-108.55
"1466",100678,12212,"teyep",36.1,-108.083
"1467",100679,12211,"teyep",36.367,-108.567
"1468",100851,8386,"teyeq",47.817,-112.183
"1469",100852,8396,"teyen",47.547,-107.116
"1470",102177,8386,"teyeq",47.715,-112.223
"1471",102178,8386,"teyeq",47.715,-112.223
"1472",102179,8386,"teyeq",47.715,-112.223
"1473",102180,8386,"teyeq",47.715,-112.223
"1474",102181,8386,"teyeq",47.715,-112.223
"1475",102182,8386,"teyeq",47.715,-112.223
"1476",109659,8398,"teyen",47.624,-106.186
"1477",109660,8398,"teyen",47.8,-106.1
"1478",109661,8398,"teyen",47.555,-106.195
"1479",110464,9065,"teyen",45.866,-104.877
"1480",114017,7057,"teyeo",51.544,-112.889
"1481",115750,9385,"teyeo",44.967,-110.667
"1482",116229,7391,"teyep",50.75,-111.517
"1483",116536,7726,"teyeq",49.956,-110.262
"1484",116537,7392,"teyeq",50.7,-111.5
"1485",116538,7558,"teyeq",50.48,-111.38
"1486",116566,5883,"teyep",55.243,-118.533
"1487",117451,12212,"teyeo",36.315,-108.031
"1488",117848,7391,"teyep",50.787,-111.601
"1489",117921,7392,"teyeq",50.7,-111.5
"1490",117922,7391,"teyeq",50.696,-111.632
"1491",117923,7391,"teyeq",50.811,-111.577
"1492",117924,7223,"teyeo",51.4,-112.709
"1493",117927,7391,"teyeq",50.738,-111.554
"1494",117928,7391,"teyeq",50.81,-111.6
"1495",117929,7391,"teyeq",50.81,-111.623
"1496",117930,7391,"teyeq",50.723,-111.554
"1497",118024,7391,"teyeq",50.9,-111.8
"1498",118188,7391,"teyep",50.731,-111.566
"1499",118189,7391,"teyeq",50.811,-111.589
"1500",118190,7391,"teyeq",50.814,-111.629
"1501",118381,8901,"teyen",46.287,-103.946
"1502",118461,9896,"teyen",43.242,-104.286
"1503",118466,10062,"teyen",42.758,-104.432
"1504",118483,8397,"teyen",47.6,-107
"1505",119007,8397,"teyen",47.699,-106.578
"1506",119009,8895,"teyen",46.266,-106.678
"1507",120363,8386,"teyeq",47.721,-112.329
"1508",120364,11873,"teyeq",37.452,-111.532
"1509",121580,12212,"teyeo",36.344,-108.066
"1510",121581,12212,"teyeo",36.344,-108.066
"1511",122902,9896,"teyen",43.021,-104.472
"1512",122903,8900,"teyen",46.331,-104.01
"1513",122904,8900,"teyen",46.371,-104.075
"1514",122905,8900,"teyen",46.376,-104.428
"1515",122906,8232,"teyen",48.009,-106.449
"1516",123086,7391,"teyeq",50.798,-111.619
"1517",123097,7391,"teyeq",50.719,-111.531
"1518",123098,9896,"teyen",43.021,-104.472
"1519",123099,8398,"teyen",47.517,-106.45
"1520",123100,8567,"teyen",47.085,-104.698
"1521",123351,7392,"teyeq",50.759,-111.393
"1522",123414,7392,"teyep",50.75,-111.475
"1523",123415,7892,"teyep",49.067,-110.45
"1524",123570,9895,"teyen",43.214,-104.554
"1525",123590,12212,"teyep",36.315,-108.013
"1526",123815,7735,"teyeo",49.606,-105.747
"1527",124934,9067,"teyen",45.833,-103.9
"1528",127733,8742,"teyen",46.696,-100.253
"1529",128455,8390,"teyep",47.88,-110.363
"1530",128456,12213,"teyep",36.27,-107.851
"1531",128457,7391,"teyeq",50.737,-111.51
"1532",128458,8398,"teyen",47.877,-106.177
"1533",128459,7391,"teyeq",50.796,-111.6
"1534",128460,7391,"teyeq",50.737,-111.51
"1535",128461,7899,"teyen",49.051,-106.574
"1536",128462,10882,"teyeq",40.315,-109.335
"1537",128558,9895,"teyen",43.329,-104.598
"1538",128559,9895,"teyen",43.312,-104.574
"1539",128560,9051,"teyep",45.82,-111.63
"1540",128561,12213,"teyep",36.184,-107.888
"1541",128562,12213,"teyep",36.169,-107.888
"1542",128563,12213,"teyep",36.111,-107.87
"1543",129262,8900,"teyen",46.23,-104.229
"1544",130797,11880,"teyeo",37.004,-108.085
"1545",131865,8560,"teyen",47.341,-108.224
"1546",131868,11707,"teyep",37.625,-111.856
"1547",131870,11707,"teyep",37.647,-111.862
"1548",131973,8397,"teyen",47.536,-106.933
"1549",132512,11707,"teyep",37.667,-111.733
"1550",133002,10062,"teyen",43,-104.5
"1551",133004,7726,"teyep",49.96,-110.343
"1552",135740,7057,"teyeo",51.996,-112.883
"1553",135741,7057,"teyeo",51.996,-112.883
"1554",135743,7057,"teyeo",51.996,-112.883
"1555",135811,7724,"teyeq",49.507,-111.357
"1556",137531,9557,"teyen",44.367,-107.6
"1557",137565,8562,"teyen",47.266,-107.126
"1558",137601,8901,"teyen",46.421,-103.961
"1559",137704,8901,"teyen",46.413,-103.502
"1560",137705,8901,"teyen",46.413,-103.502
"1561",137706,8901,"teyen",46.413,-103.502
"1562",137707,8901,"teyen",46.413,-103.502
"1563",137708,8901,"teyen",46.413,-103.502
"1564",137710,8901,"teyen",46.413,-103.502
"1565",137711,8901,"teyen",46.413,-103.502
"1566",137712,8901,"teyen",46.413,-103.502
"1567",137713,8901,"teyen",46.413,-103.502
"1568",137715,8901,"teyen",46.413,-103.502
"1569",137716,8901,"teyen",46.413,-103.502
"1570",137718,8900,"teyen",46.466,-104.021
"1571",137720,8900,"teyen",46.466,-104.021
"1572",137722,8901,"teyen",46.413,-103.502
"1573",137723,8901,"teyen",46.413,-103.502
"1574",137724,8901,"teyen",46.413,-103.502
"1575",137727,8901,"teyen",46.413,-103.502
"1576",137728,8901,"teyen",46.413,-103.502
"1577",137729,8901,"teyen",46.413,-103.502
"1578",137730,8901,"teyen",46.413,-103.502
"1579",137731,8901,"teyen",46.413,-103.502
"1580",137732,8901,"teyen",46.413,-103.502
"1581",137795,9895,"teyen",43.067,-104.6
"1582",137796,9895,"teyen",43.067,-104.6
"1583",137797,9895,"teyen",43.067,-104.6
"1584",137798,9895,"teyen",43.214,-104.554
"1585",137833,11873,"teyep",37.452,-111.532
"1586",138447,5881,"teyep",55.085,-119.991
"1587",138562,11542,"teyeo",38.091,-111.033
"1588",138563,11210,"teyeo",39.183,-111.309
"1589",138564,11210,"teyeo",39.183,-111.309
"1590",138565,11210,"teyeo",39.183,-111.309
"1591",138566,11210,"teyeo",39.183,-111.309
"1592",138567,11210,"teyeo",39.183,-111.309
"1593",138573,8219,"teyeq",48.497,-112.679
"1594",138830,12213,"teyep",36.16,-107.929
"1595",138831,12213,"teyep",36.154,-107.933
"1596",138832,12212,"teyep",36.287,-108.095
"1597",138833,12212,"teyeo",36.287,-108.095
"1598",138834,12212,"teyeo",36.287,-108.095
"1599",138835,12212,"teyep",36.344,-108.209
"1600",138836,12212,"teyeo",36.287,-108.095
"1601",138968,7057,"teyeo",51.586,-112.819
"1602",138980,8054,"teyeq",48.646,-112.354
"1603",140241,11707,"teyep",37.629,-111.86
"1604",140916,8058,"teyep",48.656,-110.105
"1605",141582,8900,"teyen",46.331,-104.01
"1606",141583,8900,"teyen",46.331,-104.01
"1607",142325,9896,"teyen",43.422,-104.495
"1608",142326,9232,"teyen",45.482,-104.192
"1609",142328,8059,"teyep",48.615,-109.675
"1610",142375,9233,"teyen",45.327,-103.977
"1611",142376,8396,"teyen",47.547,-107.116
"1612",142488,8735,"teyen",46.504,-103.874
"1613",142489,8894,"teyen",46.241,-107.381
"1614",142490,8894,"teyen",46.241,-107.381
"1615",142491,8894,"teyen",46.241,-107.381
"1616",142492,8894,"teyen",46.241,-107.381
"1617",142493,8894,"teyen",46.241,-107.381
"1618",142495,8391,"teyep",47.943,-109.665
"1619",142496,8219,"teyeq",48.347,-112.653
"1620",142497,8220,"teyeq",48.492,-112.469
"1621",142498,8053,"teyeq",48.936,-112.642
"1622",142499,8220,"teyeq",48.462,-112.066
"1623",142506,8059,"teyep",48.615,-109.675
"1624",142509,9232,"teyep",45.326,-104.034
"1625",142510,8889,"teyep",46.282,-109.51
"1626",142511,8890,"teyep",46.286,-109.318
"1627",142512,9066,"teyep",45.523,-104.474
"1628",142753,9230,"teyen",45.349,-105.24
"1629",143007,7391,"teyep",50.71,-111.548
"1630",143525,11056,"teyeo",39.755,-105.222
"1631",144499,8562,"teyen",47.266,-107.126
"1632",144500,8562,"teyen",47.266,-107.126
"1633",144501,8562,"teyen",47.266,-107.126
"1634",144502,8397,"teyen",47.6,-106.917
"1635",144503,8562,"teyen",47.266,-107.126
"1636",144504,8562,"teyen",47.266,-107.126
"1637",144505,8562,"teyen",47.266,-107.126
"1638",144506,8562,"teyen",47.266,-107.126
"1639",144509,7891,"teyeq",49.036,-110.694
"1640",144510,7891,"teyeq",49.179,-110.683
"1641",144518,12212,"teyep",36.281,-108.464
"1642",144519,12213,"teyep",36.121,-107.781
"1643",144520,12213,"teyep",36.1,-107.786
"1644",144539,6557,"teyeo",53.264,-113.806
"1645",144551,7392,"teyep",50.749,-111.472
"1646",144561,7223,"teyeo",51.497,-112.778
"1647",146191,7891,"teyep",49.1,-110.94
"1648",146193,7891,"teyeq",49.1,-110.94
"1649",146194,7891,"teyeq",49.1,-110.94
"1650",146195,7391,"teyep",50.756,-111.525
"1651",146196,7391,"teyep",50.756,-111.525
"1652",146197,7391,"teyep",50.756,-111.525
"1653",146198,7391,"teyep",50.756,-111.525
"1654",150748,7720,"teyeq",49.775,-113.324
"1655",150884,12212,"teyep",36.157,-108.061
"1656",150887,11212,"teyeq",39.097,-110.168
"1657",150889,9234,"teyen",45.429,-103.381
"1658",150890,9067,"teyen",45.516,-103.504
"1659",150891,9067,"teyen",45.603,-103.627
"1660",150892,9233,"teyen",45.408,-103.72
"1661",150893,9233,"teyen",45.393,-103.7
"1662",150894,9233,"teyen",45.335,-103.721
"1663",150895,9070,"teyen",45.708,-102.055
"1664",150896,8385,"teyeq",47.823,-112.503
"1665",150931,9059,"teyen",45.904,-107.65
"1666",150932,9725,"teyen",43.737,-106.77
"1667",150933,9391,"teyen",44.613,-107.977
"1668",150976,9895,"teyen",43.341,-104.531
"1669",150977,8220,"teyeq",48.485,-112.43
"1670",150979,7057,"teyeo",51.746,-112.958
"1671",152258,7891,"teyeq",49.084,-110.682
"1672",152259,7892,"teyep",49.067,-110.45
"1673",152268,7223,"teyeo",51.48,-112.86
"1674",152270,7057,"teyeo",51.652,-112.902
"1675",152271,5886,"teyeo",55.464,-117.415
"1676",152272,7222,"teyeo",51.486,-113.151
"1677",152279,7392,"teyep",50.772,-111.443
"1678",152280,7223,"teyeo",51.47,-112.749
"1679",152397,8562,"teyen",47.053,-107.35
"1680",152399,7729,"teyen",49.505,-108.767
"1681",152400,7896,"teyen",49.341,-108.332
"1682",152401,7896,"teyen",49.341,-108.332
"1683",152402,7896,"teyen",49.331,-108.489
"1684",152403,6557,"teyeo",53.345,-113.887
"1685",154342,12212,"teyep",36.2,-108.1
"1686",154365,12212,"teyep",36.5,-108.083
"1687",154366,12212,"teyep",36.5,-108.083
"1688",154367,12212,"teyep",36.2,-108.1
"1689",154369,12212,"teyep",36.3,-108.1
"1690",154370,12212,"teyep",36.3,-108.1
"1691",154371,12212,"teyep",36.3,-108.1
"1692",154372,12213,"teyep",36.16,-107.929
"1693",154373,12213,"teyep",36.16,-107.929
"1694",154374,12212,"teyep",36.3,-108.1
"1695",154379,12212,"teyep",36.28,-108.1
"1696",154380,12212,"teyep",36.28,-108.1
"1697",154381,12212,"teyep",36.28,-108.1
"1698",154382,12213,"teyep",36.15,-107.92
"1699",154383,12213,"teyep",36.121,-107.781
"1700",154384,12211,"teyep",36.29,-108.54
"1701",154385,12211,"teyep",36.29,-108.54
"1702",154386,12213,"teyep",36.121,-107.781
"1703",154387,12212,"teyep",36.269,-108.167
"1704",154388,12212,"teyep",36.269,-108.167
"1705",154390,12211,"teyep",36.29,-108.54
"1706",154394,12211,"teyep",36.29,-108.54
"1707",154395,12213,"teyep",36.121,-107.781
"1708",154397,12212,"teyep",36.269,-108.167
"1709",154417,12211,"teyep",36.29,-108.54
"1710",154418,12211,"teyep",36.29,-108.54
"1711",154419,12213,"teyep",36.121,-107.781
"1712",154421,12211,"teyep",36.29,-108.54
"1713",154422,12213,"teyep",36.121,-107.781
"1714",154423,12213,"teyep",36.121,-107.781
"1715",154424,12213,"teyep",36.121,-107.781
"1716",154425,12211,"teyep",36.29,-108.54
"1717",154426,12213,"teyep",36.121,-107.781
"1718",154429,12212,"teyeo",36.269,-108.167
"1719",154462,12212,"teyep",36.3,-108.1
"1720",154567,12211,"teyep",36.29,-108.54
"1721",154568,12213,"teyep",36.121,-107.781
"1722",154569,12212,"teyep",36.2,-108.1
"1723",154570,12212,"teyep",36.3,-108.1
"1724",154571,12213,"teyep",36.169,-107.799
"1725",154584,12211,"teyep",36.29,-108.54
"1726",154585,12211,"teyep",36.29,-108.54
"1727",154586,12213,"teyep",36.121,-107.781
"1728",154587,12211,"teyep",36.29,-108.54
"1729",154588,12211,"teyep",36.29,-108.54
"1730",154590,12212,"teyep",36.5,-108.083
"1731",154591,12212,"teyep",36.5,-108.083
"1732",154592,12211,"teyep",36.29,-108.54
"1733",154593,12213,"teyep",36.121,-107.781
"1734",154594,12213,"teyep",36.16,-107.929
"1735",154595,12212,"teyep",36.28,-108.1
"1736",154596,12212,"teyep",36.3,-108.1
"1737",154598,12212,"teyep",36.28,-108.1
"1738",154599,12211,"teyep",36.29,-108.54
"1739",154600,12211,"teyep",36.29,-108.54
"1740",154601,12211,"teyep",36.29,-108.54
"1741",154602,12212,"teyep",36.2,-108.1
"1742",154608,12213,"teyep",36.121,-107.781
"1743",154609,12211,"teyep",36.29,-108.54
"1744",154610,12212,"teyep",36.269,-108.167
"1745",154611,12212,"teyep",36.269,-108.167
"1746",154612,12211,"teyep",36.29,-108.54
"1747",154613,12212,"teyep",36.269,-108.167
"1748",154614,12212,"teyep",36.3,-108.1
"1749",154615,12213,"teyep",36.121,-107.781
"1750",154616,12212,"teyeo",36.269,-108.167
"1751",154620,12211,"teyep",36.29,-108.54
"1752",154621,12211,"teyep",36.29,-108.54
"1753",154622,12211,"teyep",36.29,-108.54
"1754",154623,12211,"teyep",36.29,-108.54
"1755",154624,12211,"teyep",36.29,-108.54
"1756",154625,12211,"teyep",36.29,-108.54
"1757",154627,12212,"teyep",36.3,-108.1
"1758",154628,12213,"teyep",36.121,-107.781
"1759",154629,12212,"teyep",36.269,-108.167
"1760",154630,12212,"teyep",36.269,-108.167
"1761",154632,12211,"teyep",36.29,-108.54
"1762",154639,12212,"teyep",36.3,-108.1
"1763",154643,12212,"teyep",36.269,-108.167
"1764",154644,12213,"teyep",36.121,-107.781
"1765",154645,12211,"teyep",36.29,-108.54
"1766",154646,12211,"teyep",36.29,-108.54
"1767",154647,12213,"teyep",36.121,-107.781
"1768",154648,12211,"teyep",36.29,-108.54
"1769",154657,12211,"teyep",36.29,-108.54
"1770",154658,12211,"teyep",36.29,-108.54
"1771",154659,12211,"teyep",36.29,-108.54
"1772",154660,12211,"teyep",36.29,-108.54
"1773",154661,12212,"teyep",36.5,-108.083
"1774",154662,12212,"teyep",36.269,-108.167
"1775",154663,12211,"teyep",36.29,-108.54
"1776",154664,12213,"teyep",36.121,-107.781
"1777",154665,12211,"teyep",36.29,-108.54
"1778",154666,12212,"teyep",36.269,-108.167
"1779",154667,12212,"teyep",36.28,-108.1
"1780",154668,12213,"teyep",36.169,-107.799
"1781",154669,12211,"teyep",36.29,-108.54
"1782",154700,12212,"teyep",36.269,-108.167
"1783",154928,8901,"teyen",46.328,-103.979
"1784",155027,7891,"teyep",49.222,-110.642
"1785",155220,7228,"teyep",51.439,-110.386
"1786",155221,7228,"teyep",51.439,-110.386
"1787",155222,7057,"teyeo",51.543,-112.819
"1788",155223,7056,"teyeo",51.863,-113.005
"1789",155224,7391,"teyeo",50.831,-111.604
"1790",155225,7057,"teyeo",51.645,-112.888
"1791",155226,7389,"teyeo",50.699,-112.984
"1792",155227,7057,"teyeo",51.688,-112.911
"1793",155228,7391,"teyep",50.824,-111.604
"1794",155258,7892,"teyep",49.04,-110.369
"1795",155263,7392,"teyep",50.766,-111.368
"1796",155264,7391,"teyep",50.771,-111.524
"1797",155265,7392,"teyep",50.753,-111.419
"1798",155266,7392,"teyep",50.749,-111.407
"1799",155267,7391,"teyep",50.813,-111.606
"1800",155992,11873,"teyep",37.493,-111.736
"1801",156148,12212,"teyep",36.3,-108.2
"1802",156486,12213,"teyep",36.151,-107.925
"1803",156536,7392,"teyep",50.749,-111.472
"1804",156538,8391,"teyep",47.719,-109.637
"1805",156799,7057,"teyeo",51.611,-112.875
"1806",157187,8398,"teyen",47.733,-106.256
"1807",157188,7718,"teyen",49.607,-114.107
"1808",157189,9237,"teyen",45.054,-101.968
"1809",161171,9065,"teyen",45.77,-104.932
"1810",161248,6047,"teyep",54.977,-119.564
"1811",162141,6891,"teyep",52.081,-112.981
"1812",162145,7391,"teyep",50.844,-111.788
"1813",162171,7892,"teyeq",49.067,-110.45
"1814",162855,8397,"teyen",47.6,-107
"1815",162946,7899,"teyen",49.052,-106.577
"1816",163047,7394,"teyeq",50.742,-110.086
"1817",163048,7888,"teyeq",49.283,-112.2
"1818",163049,7888,"teyeq",49.283,-112.2
"1819",163050,5881,"teyep",55.081,-119.526
"1820",164991,10394,"teyen",41.908,-104.198
"1821",164992,10394,"teyen",41.908,-104.198
"1822",164993,10394,"teyen",41.735,-104.371
"1823",165179,7392,"teyep",50.755,-111.491
"1824",165876,10381,"teyeo",41.748,-110.626
"1825",165877,10389,"teyeo",41.835,-106.623
"1826",165878,10389,"teyen",41.835,-106.623
"1827",165881,9718,"teyeo",43.814,-110.226
"1828",165886,9551,"teyeo",44.021,-110.517
"1829",165887,9552,"teyeo",44.128,-110.398
"1830",165888,9054,"teyeq",45.8,-110.5
"1831",167302,10883,"teyep",40.032,-108.847
"1832",167380,11880,"teyeo",37.004,-108.085
"1833",167381,11880,"teyeo",37.047,-108.067
"1834",167382,11882,"teyeo",37.259,-107.463
"1835",167421,11543,"teyeq",38.068,-110.93
"1836",167423,9053,"teyep",45.637,-110.701
"1837",167424,11543,"teyeq",38.054,-110.937
"1838",167426,8889,"teyen",46.242,-109.686
"1839",167430,9053,"teyeo",45.662,-110.745
"1840",167431,9053,"teyeo",45.951,-110.829
"1841",167433,9053,"teyeo",45.951,-110.829
"1842",167436,8887,"teyeo",46.096,-110.798
"1843",167437,8887,"teyeo",46.096,-110.798
"1844",167468,9053,"teyeq",45.983,-110.917
"1845",167489,11542,"teyeq",38.084,-111.005
"1846",167492,11543,"teyeq",38.064,-110.966
"1847",167493,11543,"teyeq",38.074,-110.92
"1848",167495,11543,"teyeq",38.07,-110.925
"1849",167498,11542,"teyeq",38.084,-111.003
"1850",167499,11543,"teyeq",38.076,-110.921
"1851",167500,11543,"teyeq",38.07,-110.929
"1852",167501,11543,"teyeq",38.071,-110.99
"1853",167502,11543,"teyeq",38.052,-110.933
"1854",167517,11543,"teyeq",38.073,-110.981
"1855",167522,11543,"teyeq",38.078,-110.928
"1856",167526,11543,"teyeq",38.078,-110.928
"1857",167528,11543,"teyeq",38.09,-110.962
"1858",167529,11543,"teyeq",38.051,-110.934
"1859",167530,11543,"teyeq",38.068,-110.913
"1860",167660,7391,"teyep",50.74,-111.51
"1861",167797,7886,"teyeo",49.426,-113.014
"1862",167798,7720,"teyeo",49.945,-113.039
"1863",167799,7718,"teyeo",49.826,-114.219
"1864",167800,8726,"teyep",46.76,-108.001
"1865",167801,8726,"teyep",46.76,-108.001
"1866",167802,8726,"teyep",46.76,-108.001
"1867",167804,8063,"teyep",48.572,-107.738
"1868",167893,11707,"teyeq",37.56,-111.71
"1869",167894,11707,"teyeq",37.6,-111.61
"1870",167916,11707,"teyeq",37.6,-111.9
"1871",167918,9897,"teyep",43.16,-103.615
"1872",167986,7392,"teyep",50.741,-111.463
"1873",168226,7891,"teyeq",49.059,-110.722
"1874",168404,7057,"teyen",51.953,-112.935
"1875",169229,12212,"teyep",36.344,-108.209
"1876",170675,7896,"teyen",49.341,-108.332
"1877",171027,12212,"teyeo",36.344,-108.102
"1878",171028,12212,"teyeo",36.315,-108.084
"1879",171030,12212,"teyep",36.344,-108.084
"1880",171031,12212,"teyeo",36.344,-108.084
"1881",171032,12212,"teyeo",36.2,-108.1
"1882",171094,9895,"teyen",43.256,-104.608
"1883",171408,7891,"teyeq",49.121,-110.863
"1884",172371,7057,"teyen",51.938,-112.959
"1885",172570,12212,"teyep",36.287,-108.095
"1886",172610,7391,"teyeq",50.755,-111.531
"1887",172613,11707,"teyep",37.667,-111.733
"1888",172642,9065,"teyen",45.762,-104.924
"1889",172644,9065,"teyen",45.762,-104.923
"1890",173841,8397,"teyen",47.609,-106.955
"1891",173842,8396,"teyen",47.536,-107.019
"1892",174241,9234,"teyen",45.233,-103.208
"1893",175824,7391,"teyep",50.728,-111.558
"1894",175972,10059,"teyen",42.883,-105.854
"1895",176227,7391,"teyep",50.743,-111.505
"1896",176228,7391,"teyep",50.742,-111.504
"1897",176678,8397,"teyen",47.6,-107
"1898",176680,8397,"teyen",47.6,-107
"1899",176689,8398,"teyen",47.8,-106.1
"1900",176740,11056,"teyeo",39.733,-105.05
"1901",176741,11056,"teyen",39.9,-105.1
"1902",176742,11056,"teyen",39.95,-105.233
"1903",176743,11056,"teyen",39.7,-105.2
"1904",176843,11223,"teyeo",39.5,-104.7
"1905",176844,11223,"teyeo",39.5,-104.7
"1906",176845,11223,"teyeo",39.5,-104.7
"1907",176846,11223,"teyeo",39.5,-104.7
"1908",176847,11223,"teyeo",39.5,-104.7
"1909",176848,11223,"teyeo",39.5,-104.7
"1910",176850,11223,"teyen",39.5,-104.7
"1911",176851,11223,"teyen",39.5,-104.7
"1912",176869,11223,"teyen",39.5,-104.7
"1913",176982,11873,"teyep",37.452,-111.532
"1914",177026,8889,"teyep",46.282,-109.51
"1915",177027,8890,"teyep",46.1,-109.1
"1916",177030,8393,"teyep",47.766,-108.949
"1917",177143,7391,"teyeq",50.73,-111.8
"1918",177458,11378,"teyeo",38.941,-110.405
"1919",177459,11378,"teyeo",38.941,-110.405
"1920",178847,11873,"teyeq",37.45,-111.53
"1921",179240,7392,"teyeq",50.786,-111.351
"1922",179241,7392,"teyeq",50.728,-111.5
"1923",179242,7391,"teyep",50.742,-111.546
"1924",179243,7392,"teyeq",50.742,-111.477
"1925",179244,7391,"teyeq",50.822,-111.569
"1926",179245,7391,"teyeq",50.778,-111.51
"1927",179246,7391,"teyeq",50.778,-111.51
"1928",179248,7735,"teyeo",49.622,-105.785
"1929",179269,12046,"teyeo",36.972,-108.085
"1930",179270,12046,"teyep",36.71,-108.223
"1931",179271,12212,"teyep",36.257,-108.191
"1932",179272,12212,"teyeo",36.344,-108.084
"1933",179273,12212,"teyeo",36.357,-108.136
"1934",179275,9887,"teyeo",43.497,-108.784
"1935",179276,9555,"teyeo",44.113,-108.798
"1936",179968,9232,"teyen",45.482,-104.192
"1937",179969,9233,"teyen",45.393,-103.967
"1938",179970,9233,"teyen",45.461,-103.842
"1939",179991,8401,"teyen",47.79,-104.56
"1940",180016,9895,"teyen",43.184,-104.514
"1941",180638,7729,"teyen",49.517,-108.817
"1942",180856,7223,"teyeo",51.491,-112.806
"1943",181024,7725,"teyeq",49.6,-111
"1944",181269,9895,"teyen",43.028,-104.644
"1945",181391,11707,"teyeq",37.565,-111.734
"1946",181392,11873,"teyep",37.439,-111.801
"1947",182584,10726,"teyeo",40.76,-104.158
"1948",182649,6047,"teyep",54.545,-119.547
"1949",183109,9064,"teyen",45.66,-105.08
"1950",183110,9064,"teyen",45.678,-105.079
"1951",183290,8398,"teyen",47.8,-106.1
"1952",183291,8901,"teyen",46.318,-103.944
"1953",183292,8901,"teyen",46.182,-103.751
"1954",184041,7391,"teyep",50.725,-111.563
"1955",184700,11887,"teyen",37.118,-104.517
"1956",184945,8385,"teyeq",47.635,-112.583
"1957",187421,7392,"teyep",50.836,-111.139
"1958",187581,7392,"teyep",50.562,-111.464
"1959",187655,11873,"teyep",37.42,-111.793
"1960",187656,11873,"teyep",37.42,-111.793
"1961",187657,11873,"teyep",37.42,-111.793
"1962",187658,11873,"teyep",37.42,-111.793
"1963",187659,11707,"teyep",37.746,-111.61
"1964",187660,11707,"teyep",37.746,-111.61
"1965",187661,11707,"teyep",37.746,-111.61
"1966",187662,11707,"teyep",37.746,-111.61
"1967",187663,11707,"teyep",37.58,-111.936
"1968",187664,11707,"teyep",37.58,-111.936
"1969",187665,11707,"teyep",37.58,-111.936
"1970",187666,11707,"teyep",37.58,-111.936
"1971",187667,11707,"teyep",37.746,-111.61
"1972",187668,11707,"teyep",37.746,-111.61
"1973",187669,11707,"teyep",37.746,-111.61
"1974",187670,11707,"teyep",37.746,-111.61
"1975",187671,11707,"teyep",37.746,-111.61
"1976",187672,11707,"teyep",37.715,-111.783
"1977",187673,11707,"teyep",37.746,-111.61
"1978",187674,11707,"teyep",37.746,-111.61
"1979",187675,11872,"teyep",37.49,-112.17
"1980",187676,11707,"teyep",37.746,-111.61
"1981",187677,11707,"teyep",37.746,-111.61
"1982",187678,11707,"teyep",37.746,-111.61
"1983",187679,11707,"teyep",37.621,-111.795
"1984",187680,11874,"teyep",37.459,-111.341
"1985",187681,11874,"teyep",37.459,-111.341
"1986",187682,11873,"teyep",37.42,-111.793
"1987",187683,11873,"teyep",37.42,-111.793
"1988",187684,11873,"teyep",37.42,-111.793
"1989",187685,11873,"teyep",37.42,-111.793
"1990",187686,11873,"teyep",37.42,-111.793
"1991",187687,11873,"teyep",37.42,-111.793
"1992",187688,11873,"teyep",37.42,-111.793
"1993",187689,11873,"teyep",37.42,-111.793
"1994",187690,11873,"teyep",37.42,-111.793
"1995",187691,11873,"teyep",37.42,-111.793
"1996",187692,11873,"teyep",37.42,-111.793
"1997",187693,11873,"teyep",37.42,-111.793
"1998",187694,11873,"teyep",37.42,-111.793
"1999",187695,11707,"teyep",37.746,-111.61
"2000",187696,11707,"teyep",37.746,-111.61
"2001",187697,11707,"teyep",37.746,-111.61
"2002",187698,11873,"teyep",37.49,-111.716
"2003",187699,11707,"teyep",37.746,-111.61
"2004",187700,11707,"teyep",37.746,-111.61
"2005",187702,11872,"teyep",37.301,-112.425
"2006",187703,11872,"teyep",37.301,-112.425
"2007",187704,11872,"teyep",37.301,-112.425
"2008",187705,11872,"teyep",37.301,-112.425
"2009",187706,11872,"teyep",37.301,-112.425
"2010",187707,11872,"teyep",37.301,-112.425
"2011",187708,11872,"teyep",37.301,-112.425
"2012",187709,11707,"teyep",37.63,-111.873
"2013",187710,11708,"teyep",37.843,-111.284
"2014",187711,11708,"teyep",37.843,-111.284
"2015",187712,11708,"teyep",37.843,-111.284
"2016",187713,11708,"teyep",37.819,-111.4
"2017",187714,11872,"teyep",37.301,-112.425
"2018",187715,11872,"teyep",37.301,-112.425
"2019",188547,11045,"teyeq",39.802,-110.61
"2020",188840,6890,"teyen",52.315,-113.088
"2021",188846,7392,"teyeq",50.865,-111.162
"2022",189003,9065,"teyen",45.889,-104.55
"2023",189403,9222,"teyen",45.169,-109.109
"2024",189417,13240,"teyeq",33.477,-92.132
"2025",189513,9895,"teyen",43.34,-104.53
"2026",189514,7391,"teyeq",50.813,-111.631
"2027",189515,7391,"teyep",50.567,-111.765
"2028",189568,7057,"teyeo",51.607,-112.891
"2029",189572,8398,"teyen",47.767,-106.295
"2030",190352,11708,"teyep",37.8,-111.5
"2031",190353,11706,"teyeq",37.653,-112.043
"2032",190354,12212,"teyep",36.486,-108.486
"2033",190394,8059,"teyep",48.575,-109.733
"2034",190693,8902,"teyen",46.398,-103.422
"2035",190694,8902,"teyen",46.398,-103.422
"2036",190695,8902,"teyen",46.398,-103.422
"2037",190696,8900,"teyen",46.3,-104.5
"2038",190697,8900,"teyen",46.3,-104.5
"2039",190698,8564,"teyen",47.5,-106.4
"2040",190699,8398,"teyen",47.6,-106.2
"2041",190747,11872,"teyep",37.301,-112.425
"2042",191251,7392,"teyep",50.746,-111.493
"2043",191252,7057,"teyeo",51.746,-112.958
"2044",191253,7057,"teyeo",51.607,-112.891
"2045",191254,7057,"teyeo",51.738,-112.961
"2046",191255,7391,"teyep",50.747,-111.517
"2047",191258,7558,"teyep",50.4,-111.1
"2048",191259,7558,"teyep",50.4,-111.1
"2049",191260,7558,"teyep",50.4,-111.1
"2050",191261,7558,"teyep",50.4,-111.1
"2051",191266,7391,"teyeq",50.688,-111.617
"2052",191267,7391,"teyeq",50.688,-111.617
"2053",191268,7391,"teyeq",50.688,-111.617
"2054",191269,7391,"teyeq",50.65,-111.62
"2055",191270,7391,"teyep",50.733,-111.512
"2056",191271,9896,"teyen",43.327,-104.352
"2057",191272,9071,"teyen",45.92,-101.526
"2058",191308,7718,"teyeo",49.616,-114.107
"2059",191366,7057,"teyeo",51.746,-112.958
"2060",191367,7057,"teyeo",51.776,-112.958
"2061",191368,12212,"teyep",36.103,-108.133
"2062",191369,11056,"teyen",39.681,-105.003
"2063",191374,8735,"teyen",46.567,-103.701
"2064",191401,7057,"teyeo",51.645,-112.888
"2065",191402,7057,"teyeo",51.662,-112.908
"2066",192241,8562,"teyen",47.266,-107.126
"2067",192242,8397,"teyen",47.617,-106.9
"2068",192243,8562,"teyen",47.266,-107.126
"2069",192244,8562,"teyen",47.467,-107.367
"2070",192246,8397,"teyen",47.55,-106.917
"2071",192247,8562,"teyen",47.266,-107.126
"2072",192248,8562,"teyen",47.266,-107.126
"2073",192249,8397,"teyen",47.583,-106.883
"2074",192250,8397,"teyen",47.583,-106.883
"2075",192251,9068,"teyen",45.644,-103.488
"2076",192252,11377,"teyeo",39,-111
"2077",192253,11708,"teyep",37.8,-111.5
"2078",192254,11708,"teyep",37.8,-111.5
"2079",192255,11708,"teyep",37.8,-111.5
"2080",192256,11873,"teyep",37.469,-111.697
"2081",192259,11706,"teyeq",37.653,-112.043
"2082",192260,11706,"teyeq",37.653,-112.043
"2083",192261,11706,"teyeq",37.653,-112.043
"2084",192263,11706,"teyeq",37.653,-112.043
"2085",193696,7057,"teyeo",51.711,-112.928
"2086",194178,8397,"teyep",47.778,-106.681
"2087",194654,8057,"teyep",48.998,-110.541
"2088",194864,8567,"teyen",47.101,-104.689
"2089",194867,7059,"teyen",51.947,-111.671
"2090",194876,12212,"teyep",36.3,-108.1
"2091",194877,12212,"teyeo",36.344,-108.084
"2092",194978,12212,"teyeo",36.269,-108.167
"2093",195187,12213,"teyep",36.12,-107.84
"2094",195190,11873,"teyeq",37.217,-111.531
"2095",195191,11873,"teyeq",37.294,-111.896
"2096",195787,12543,"teyeq",35.46,-108.52
"2097",196405,7391,"teyep",50.734,-111.512
"2098",196406,7391,"teyep",50.728,-111.563
"2099",196407,8053,"teyeq",48.934,-112.643
"2100",196419,7391,"teyep",50.74,-111.516
"2101",196420,7391,"teyep",50.822,-111.598
"2102",196511,12212,"teyep",36.1,-108.083
"2103",196539,12212,"teyep",36.315,-108.031
"2104",196540,12212,"teyep",36.315,-108.031
"2105",196541,12212,"teyep",36.086,-108.008
"2106",196542,12212,"teyep",36.086,-108.008
"2107",196543,12213,"teyep",36.186,-107.889
"2108",196544,12213,"teyep",36.184,-107.888
"2109",196592,11708,"teyep",37.688,-111.446
"2110",197478,11707,"teyep",37.58,-111.936
"2111",199764,12212,"teyep",36.394,-108.108
"2112",202036,8398,"teyen",47.696,-106.228
"2113",204724,7223,"teyeo",51.495,-112.815
"2114",205766,11707,"teyep",37.53,-111.762
"2115",206061,7891,"teyeq",49.076,-110.679
"2116",206062,8560,"teyep",47.279,-108.206
"2117",206395,7057,"teyeo",51.744,-112.969
"2118",206396,7223,"teyeo",51.48,-112.86
"2119",206397,6557,"teyeo",53.264,-113.806
"2120",206399,7057,"teyeo",51.539,-112.879
"2121",206401,7057,"teyeo",51.738,-112.961
"2122",206554,9067,"teyen",45.586,-103.503
"2123",206775,7392,"teyep",50.75,-111.5
"2124",206797,9065,"teyen",45.952,-104.916
"2125",206798,9065,"teyen",45.952,-104.916
"2126",206819,7731,"teyen",49.9,-107.9
"2127",207633,5882,"teyep",55.064,-119.108
"2128",209046,12213,"teyep",36.17,-107.92
"2129",209047,12213,"teyep",36.17,-107.92
"2130",210046,11389,"teyen",38.914,-104.531
"2131",210047,11389,"teyen",38.914,-104.531
"2132",210048,11389,"teyen",38.914,-104.531
"2133",210049,11389,"teyen",38.914,-104.531
"2134",210050,11389,"teyen",38.914,-104.531
"2135",210574,7392,"teyep",50.745,-111.489
"2136",210631,12211,"teyep",36.292,-108.55
"2137",212647,7723,"teyeq",49.943,-111.691
"2138",212648,7557,"teyeq",50.114,-111.772
"2139",214293,7391,"teyep",50.724,-111.565
"2140",214477,6557,"teyeo",53.252,-113.831
"2141",215635,11050,"teyep",40,-108.2
"2142",216603,9403,"teyen",44.942,-101.646
"2143",216964,8231,"teyep",48.406,-106.869
"2144",217033,8398,"teyen",47.646,-106.379
"2145",217034,8397,"teyen",47.567,-106.909
"2146",217035,8397,"teyen",47.708,-106.571
"2147",217037,8396,"teyen",47.868,-107.262
"2148",217038,8396,"teyen",47.868,-107.262
"2149",217039,8567,"teyen",47.109,-104.711
"2150",217041,9065,"teyen",45.705,-104.716
"2151",217077,11873,"teyep",37.452,-111.532
"2152",217170,7391,"teyep",50.746,-111.566
"2153",217183,8567,"teyen",47.056,-104.593
"2154",219012,12212,"teyep",36.276,-108.153
"2155",219192,7392,"teyep",50.737,-111.468
"2156",219262,12212,"teyeq",36.086,-108.158
"2157",219263,12212,"teyeq",36.086,-108.158
"2158",219534,7391,"teyep",50.818,-111.608
"2159",219683,11887,"teyen",37.118,-104.517
"2160",219684,11887,"teyen",37.325,-104.589
"2161",219712,11873,"teyep",37.452,-111.532
"2162",219724,7391,"teyep",50.737,-111.529
"2163",219740,8053,"teyeq",48.936,-112.642
"2164",219741,8386,"teyeq",47.82,-112.444
"2165",219742,8386,"teyeq",47.768,-112.287
"2166",219743,8386,"teyeq",47.768,-112.287
"2167",219763,12212,"teyeq",36.086,-108.158
"2168",220087,5883,"teyep",55.086,-118.929
"2169",220119,7057,"teyeo",51.554,-112.876
"2170",220120,6048,"teyep",54.933,-119.45
"2171",220121,5883,"teyep",55.077,-118.795
"2172",220122,5881,"teyep",55.085,-119.991
"2173",220123,6047,"teyep",54.728,-119.92
"2174",220124,5881,"teyep",55.085,-119.991
"2175",220125,5882,"teyep",55.05,-119.367
"2176",220129,5882,"teyep",55.018,-119.428
"2177",220130,5882,"teyep",55.064,-119.108
"2178",220131,6047,"teyep",54.545,-119.547
"2179",220132,6222,"teyep",54.147,-115.331
"2180",220335,8051,"teyeq",48.63,-113.75
"2181",220501,7057,"teyeo",51.952,-112.939
"2182",220506,7392,"teyep",50.778,-111.379
"2183",221004,8396,"teyen",47.526,-107.022
"2184",221005,8397,"teyen",47.609,-106.955
"2185",221006,8396,"teyen",47.526,-107.022
"2186",221007,8396,"teyen",47.544,-107.053
"2187",221937,7891,"teyeq",49.226,-110.691
"2188",221943,9067,"teyen",45.603,-103.759
"2189",222071,12381,"teyep",35.689,-106.866
"2190",222074,12046,"teyep",36.508,-108.321
"2191",222078,12046,"teyep",36.508,-108.321
"2192",222081,12046,"teyep",36.508,-108.321
"2193",222083,12046,"teyep",36.508,-108.321
"2194",222084,12046,"teyep",36.508,-108.321
"2195",222086,12046,"teyep",36.508,-108.321
"2196",222087,12046,"teyep",36.508,-108.321
"2197",222088,12046,"teyep",36.508,-108.321
"2198",222089,12046,"teyep",36.508,-108.321
"2199",222090,12046,"teyep",36.508,-108.321
"2200",222091,12046,"teyep",36.508,-108.321
"2201",222122,8890,"teyep",46.35,-109.22
"2202",222354,5882,"teyep",55.064,-119.108
"2203",222481,12211,"teyep",36.292,-108.55
"2204",222483,12211,"teyep",36.292,-108.55
"2205",222640,12046,"teyep",36.508,-108.321
"2206",222641,12212,"teyep",36.22,-108.075
"2207",222644,12212,"teyep",36.22,-108.075
"2208",223339,8386,"teyeq",47.768,-112.288
"2209",223397,7392,"teyep",50.752,-111.418
"2210",223799,7899,"teyen",49.075,-106.576
"2211",223934,9067,"teyen",45.651,-103.624
"2212",223935,8398,"teyen",47.886,-106.306
"2213",223936,11210,"teyeq",39.374,-111.124
"2214",223937,11210,"teyeq",39.27,-111.198
"2215",224151,7057,"teyeo",51.71,-112.934
"2216",224185,11210,"teyeo",39.05,-111.271
"2217",224286,8397,"teyen",47.521,-106.905
"2218",224370,9067,"teyen",45.827,-103.728
"2219",224472,5882,"teyep",55.05,-119.367
"2220",224473,5882,"teyep",55.05,-119.367
"2221",224483,9236,"teyen",45.053,-102.189
"2222",224484,9400,"teyen",45,-103.189
"2223",224486,9234,"teyen",45.003,-103.145
"2224",224487,9400,"teyen",45,-103.189
"2225",224488,9234,"teyen",45.008,-103.161
"2226",224489,9234,"teyen",45.008,-103.161
"2227",224490,9234,"teyen",45.008,-103.161
"2228",224491,9068,"teyen",45.999,-103.187
"2229",224492,9234,"teyen",45.002,-103.192
"2230",224667,8901,"teyen",46.295,-103.923
"2231",224669,8907,"teyen",46.486,-100.631
"2232",225035,8567,"teyen",47.189,-104.971
"2233",225317,9400,"teyen",44.713,-103.056
"2234",225318,9730,"teyen",43.666,-104.274
"2235",225319,9730,"teyen",43.666,-104.274
"2236",225845,7566,"teyen",50.211,-107.374
"2237",225924,9235,"teyen",45.053,-102.881
"2238",225936,9726,"teyen",43.662,-106.319
"2239",225939,9896,"teyen",43.279,-104.382
"2240",225940,9895,"teyen",43.14,-104.577
"2241",226054,8568,"teyen",47.479,-104.484
"2242",226055,8568,"teyen",47.479,-104.484
"2243",226216,7887,"teyeq",49.283,-112.577
"2244",227001,7057,"teyen",51.917,-112.933
"2245",227002,6891,"teyen",52.081,-112.981
"2246",227125,5883,"teyep",55.065,-118.69
"2247",227182,8562,"teyen",47.317,-107.15
"2248",227186,12046,"teyep",36.508,-108.321
"2249",227264,8063,"teyep",48.562,-107.778
"2250",227283,8397,"teyen",47.721,-106.526
"2251",227685,7391,"teyep",50.744,-111.509
"2252",228490,8391,"teyep",47.74,-109.619
"2253",228491,8396,"teyen",47.547,-107.116
"2254",228651,13373,"teyep",32.742,-108.93
"2255",228652,13373,"teyep",32.741,-108.93
"2256",228827,7894,"teyen",49.496,-109.05
"2257",228914,10725,"teyeo",40.84,-104.58
"2258",229083,8398,"teyen",47.8,-106.1
"2259",229119,12046,"teyep",36.508,-108.321
"2260",229345,8231,"teyep",48.406,-106.869
"2261",229346,11050,"teyep",40,-108.2
"2262",229474,7729,"teyen",49.517,-108.817
"2263",229841,8396,"teyep",47.868,-107.262
"2264",229870,7057,"teyeo",51.666,-112.904
"2265",229966,7057,"teyeo",51.554,-112.876
"2266",229967,7890,"teyeq",49.494,-111.398
"2267",229968,7723,"teyeq",49.569,-111.972
"2268",229969,7722,"teyeq",49.688,-112.351
"2269",229970,7392,"teyeq",50.864,-111.138
"2270",229971,7557,"teyeq",50.13,-111.705
"2271",229973,7723,"teyeq",49.903,-111.639
"2272",229975,7398,"teyep",50.682,-108.094
"2273",229978,7392,"teyep",50.78,-111.411
"2274",230000,7391,"teyep",50.724,-111.565
"2275",230005,12046,"teyep",36.508,-108.321
"2276",230006,12046,"teyep",36.508,-108.321
"2277",230007,12046,"teyep",36.508,-108.321
"2278",230008,12046,"teyep",36.508,-108.321
"2279",230009,12046,"teyep",36.508,-108.321
"2280",230010,12046,"teyep",36.508,-108.321
"2281",230093,8396,"teyen",47.683,-107.183
"2282",230098,8392,"teyep",47.602,-109.459
"2283",230102,8059,"teyep",48.541,-109.667
"2284",230113,11870,"teyeq",37.5,-113.5
"2285",230163,11873,"teyep",37.461,-111.764
"2286",230164,11707,"teyep",37.593,-111.798
"2287",230165,11707,"teyep",37.629,-111.86
"2288",230166,11873,"teyep",37.469,-111.697
