"","year","value","Data","group","rhat_threshold","lower95CI","upper95CI","new_bins","Target"
"1",4,0.1,"Naive occupancy","Naive",NA,NA,NA,66.75,"Ankylosauridae"
"2",3,0.153846153846154,"Naive occupancy","Naive",NA,NA,NA,69.75,"Ankylosauridae"
"3",2,0.285714285714286,"Naive occupancy","Naive",NA,NA,NA,74.95,"Ankylosauridae"
"4",1,0.185185185185185,"Naive occupancy","Naive",NA,NA,NA,80.75,"Ankylosauridae"
"5",1,0.0674847428058619,"Mean detection (LL1)","occ.det",NA,0.0390880950372884,0.117413769572381,80.75,"Ankylosauridae"
"6",2,0.0543216937566331,"Mean detection (LL1)","occ.det",NA,0.0390553451348412,0.0720830261556889,74.95,"Ankylosauridae"
"7",3,0.0647449549799266,"Mean detection (LL1)","occ.det",NA,0.0385218266265479,0.105801413544548,69.75,"Ankylosauridae"
"8",4,0.048444916260292,"Mean detection (LL1)","occ.det",NA,0.021165904800082,0.0791780045104058,66.75,"Ankylosauridae"
"9",1,0.126460864222762,"Mean detection (LL2)","occ.det",NA,0.0673232344640319,0.223446155368628,80.75,"Ankylosauridae"
"10",2,0.103481506634484,"Mean detection (LL2)","occ.det",NA,0.0653269063758889,0.150241433477782,74.95,"Ankylosauridae"
"11",3,0.121890170397343,"Mean detection (LL2)","occ.det",NA,0.0661320834864897,0.206721174433736,69.75,"Ankylosauridae"
"12",4,0.0924190290424869,"Mean detection (LL2)","occ.det",NA,0.0393195351757559,0.155773722051413,66.75,"Ankylosauridae"
"13",1,0.231174399598472,"Mean detection (LL4)","occ.det",NA,0.142245928935045,0.361708319874263,80.75,"Ankylosauridae"
"14",2,0.195273763781055,"Mean detection (LL4)","occ.det",NA,0.133801055066301,0.265740661105405,74.95,"Ankylosauridae"
"15",3,0.224446573586055,"Mean detection (LL4)","occ.det",NA,0.13898615869863,0.347030320895765,69.75,"Ankylosauridae"
"16",4,0.174515012777379,"Mean detection (LL4)","occ.det",NA,0.0879525691794386,0.264401280911272,66.75,"Ankylosauridae"
"17",1,0.665740681210978,"Mean occupancy","occ.det","Good (<1.1)",0.232142857142857,1,80.75,"Ankylosauridae"
"18",2,0.8127214507165,"Mean occupancy","occ.det","Good (<1.1)",0.625,0.946428571428571,74.95,"Ankylosauridae"
"19",3,0.808911248267684,"Mean occupancy","occ.det","Good (<1.1)",0.464285714285714,1,69.75,"Ankylosauridae"
"20",4,0.694351578014944,"Mean occupancy","occ.det","Good (<1.1)",0.285714285714286,1,66.75,"Ankylosauridae"
"21",4,0.490909090909091,"Naive occupancy","Naive",NA,NA,NA,66.75,"Hadrosauridae"
"22",3,0.480769230769231,"Naive occupancy","Naive",NA,NA,NA,69.75,"Hadrosauridae"
"23",2,0.675324675324675,"Naive occupancy","Naive",NA,NA,NA,74.95,"Hadrosauridae"
"24",1,0.592592592592593,"Naive occupancy","Naive",NA,NA,NA,80.75,"Hadrosauridae"
"25",1,0.229569284849403,"Mean detection (LL1)","occ.det",NA,0.166954729138106,0.3014419242437,80.75,"Hadrosauridae"
"26",2,0.303505140428848,"Mean detection (LL1)","occ.det",NA,0.270665557044533,0.337176755188678,74.95,"Hadrosauridae"
"27",3,0.206614039763141,"Mean detection (LL1)","occ.det",NA,0.1494807159439,0.2738467658644,69.75,"Hadrosauridae"
"28",4,0.0847333966879479,"Mean detection (LL1)","occ.det",NA,0.0532619248695701,0.125119464331404,66.75,"Hadrosauridae"
"29",1,0.453199884970027,"Mean detection (LL2)","occ.det",NA,0.347175153166932,0.561600584042061,80.75,"Hadrosauridae"
"30",2,0.549341968713084,"Mean detection (LL2)","occ.det",NA,0.483448441175503,0.614025037744825,74.95,"Hadrosauridae"
"31",3,0.420211076118261,"Mean detection (LL2)","occ.det",NA,0.319023095689226,0.526620599722164,69.75,"Hadrosauridae"
"32",4,0.205098381440195,"Mean detection (LL2)","occ.det",NA,0.13491151895983,0.289717858783602,66.75,"Hadrosauridae"
"33",1,0.81524229141507,"Mean detection (LL4)","occ.det",NA,0.732006387600149,0.884168220337438,80.75,"Hadrosauridae"
"34",2,0.867411838638283,"Mean detection (LL4)","occ.det",NA,0.816269655644859,0.910689704115168,74.95,"Hadrosauridae"
"35",3,0.793961848019457,"Mean detection (LL4)","occ.det",NA,0.700749344912386,0.871184069680166,69.75,"Hadrosauridae"
"36",4,0.579046180792832,"Mean detection (LL4)","occ.det",NA,0.463546552091203,0.691557876291795,66.75,"Hadrosauridae"
"37",1,0.971424821053534,"Mean occupancy","occ.det","Good (<1.1)",0.821428571428571,1,80.75,"Hadrosauridae"
"38",2,0.903969861271841,"Mean occupancy","occ.det","Good (<1.1)",0.75,1,74.95,"Hadrosauridae"
"39",3,0.957240366893832,"Mean occupancy","occ.det","Good (<1.1)",0.803571428571429,1,69.75,"Hadrosauridae"
"40",4,0.963407054991213,"Mean occupancy","occ.det","Good (<1.1)",0.785714285714286,1,66.75,"Hadrosauridae"
"41",4,0.545454545454545,"Naive occupancy","Naive",NA,NA,NA,66.75,"Ceratopsidae"
"42",3,0.365384615384615,"Naive occupancy","Naive",NA,NA,NA,69.75,"Ceratopsidae"
"43",2,0.441558441558442,"Naive occupancy","Naive",NA,NA,NA,74.95,"Ceratopsidae"
"44",1,0.240740740740741,"Naive occupancy","Naive",NA,NA,NA,80.75,"Ceratopsidae"
"45",1,0.20138021128678,"Mean detection (LL1)","occ.det",NA,0.144251987405905,0.266939399966426,80.75,"Ceratopsidae"
"46",2,0.112625230238852,"Mean detection (LL1)","occ.det",NA,0.0920861519708547,0.134689417513323,74.95,"Ceratopsidae"
"47",3,0.186924831834092,"Mean detection (LL1)","occ.det",NA,0.131511554182263,0.252775155434193,69.75,"Ceratopsidae"
"48",4,0.263051286640439,"Mean detection (LL1)","occ.det",NA,0.196715320280803,0.338568402508468,66.75,"Ceratopsidae"
"49",1,0.318002197541512,"Mean detection (LL2)","occ.det",NA,0.22454585617813,0.421792647734016,80.75,"Ceratopsidae"
"50",2,0.190787198961419,"Mean detection (LL2)","occ.det",NA,0.146048627725794,0.240197397538058,74.95,"Ceratopsidae"
"51",3,0.298247585441242,"Mean detection (LL2)","occ.det",NA,0.20824454006757,0.400724816194459,69.75,"Ceratopsidae"
"52",4,0.39708235883929,"Mean detection (LL2)","occ.det",NA,0.30381674727942,0.497289449449092,66.75,"Ceratopsidae"
"53",1,0.697662970491594,"Mean detection (LL4)","occ.det",NA,0.598355844420909,0.785554166355106,80.75,"Ceratopsidae"
"54",2,0.54136717379457,"Mean detection (LL4)","occ.det",NA,0.463542412804625,0.618153462877791,74.95,"Ceratopsidae"
"55",3,0.677384788757258,"Mean detection (LL4)","occ.det",NA,0.566159924699121,0.775578778415377,69.75,"Ceratopsidae"
"56",4,0.765664781154869,"Mean detection (LL4)","occ.det",NA,0.682390446694825,0.838725097859088,66.75,"Ceratopsidae"
"57",1,0.948889531810324,"Mean occupancy","occ.det","Good (<1.1)",0.732142857142857,1,80.75,"Ceratopsidae"
"58",2,0.971959695969597,"Mean occupancy","occ.det","Good (<1.1)",0.857142857142857,1,74.95,"Ceratopsidae"
"59",3,0.82944008686583,"Mean occupancy","occ.det","Good (<1.1)",0.482142857142857,1,69.75,"Ceratopsidae"
"60",4,0.911815288671724,"Mean occupancy","occ.det","Good (<1.1)",0.660714285714286,1,66.75,"Ceratopsidae"
"61",4,0.354545454545455,"Naive occupancy","Naive",NA,NA,NA,66.75,"Tyrannosauridae"
"62",3,0.25,"Naive occupancy","Naive",NA,NA,NA,69.75,"Tyrannosauridae"
"63",2,0.324675324675325,"Naive occupancy","Naive",NA,NA,NA,74.95,"Tyrannosauridae"
"64",1,0.425925925925926,"Naive occupancy","Naive",NA,NA,NA,80.75,"Tyrannosauridae"
"65",1,0.110511285171278,"Mean detection (LL1)","occ.det",NA,0.0691037445596242,0.163581027098924,80.75,"Tyrannosauridae"
"66",2,0.0368907210987216,"Mean detection (LL1)","occ.det",NA,0.0256357871965522,0.0504055550715577,74.95,"Tyrannosauridae"
"67",3,0.0738250428858473,"Mean detection (LL1)","occ.det",NA,0.0420752640634941,0.118685752398008,69.75,"Tyrannosauridae"
"68",4,0.0873430373361749,"Mean detection (LL1)","occ.det",NA,0.0548652986817629,0.128669702966877,66.75,"Tyrannosauridae"
"69",1,0.253701837636673,"Mean detection (LL2)","occ.det",NA,0.157205771214161,0.369586930538947,80.75,"Tyrannosauridae"
"70",2,0.095418911587022,"Mean detection (LL2)","occ.det",NA,0.0631066634312609,0.134204650227691,74.95,"Tyrannosauridae"
"71",3,0.179145533869693,"Mean detection (LL2)","occ.det",NA,0.101112141722206,0.283414120660885,69.75,"Tyrannosauridae"
"72",4,0.207342953782758,"Mean detection (LL2)","occ.det",NA,0.132878572250928,0.298602859389441,66.75,"Tyrannosauridae"
"73",1,0.568773644141092,"Mean detection (LL4)","occ.det",NA,0.441064993262496,0.690478998475565,80.75,"Tyrannosauridae"
"74",2,0.293306372056056,"Mean detection (LL4)","occ.det",NA,0.223496303251446,0.368014898588123,74.95,"Tyrannosauridae"
"75",3,0.457755802816272,"Mean detection (LL4)","occ.det",NA,0.319897380178803,0.600670895680174,69.75,"Tyrannosauridae"
"76",4,0.505128420043331,"Mean detection (LL4)","occ.det",NA,0.395159537758829,0.617510504016005,66.75,"Tyrannosauridae"
"77",1,0.943679189347506,"Mean occupancy","occ.det","Good (<1.1)",0.732142857142857,1,80.75,"Tyrannosauridae"
"78",2,0.938397411169688,"Mean occupancy","occ.det","Good (<1.1)",0.732142857142857,1,74.95,"Tyrannosauridae"
"79",3,0.882401633020445,"Mean occupancy","occ.det","Good (<1.1)",0.517857142857143,1,69.75,"Tyrannosauridae"
"80",4,0.932278049233495,"Mean occupancy","occ.det","Good (<1.1)",0.642857142857143,1,66.75,"Tyrannosauridae"
