FID,POINTID,record_type,flags,lng,lat,lng_rot,lat_rot
0,1,Ceratopsidae,Early Maastrichtian,-103.56562000,29.22855400,-81.59049963,34.82094693
1,2,Ceratopsidae,Early Maastrichtian,-104.86528000,39.92055500,-80.11702821,45.50736868
2,3,Ceratopsidae,Early Maastrichtian,-104.82000000,39.98527900,-80.04850436,45.56295739
3,4,Ceratopsidae,Early Maastrichtian,-105.22358700,39.74570500,-80.55405453,45.39650913
4,5,Ceratopsidae,Early Maastrichtian,-105.14140300,39.70029800,-80.48022266,45.33848458
5,6,Ceratopsidae,Early Maastrichtian,-104.73666400,30.43277700,-82.52970954,36.19124127
6,7,Ceratopsidae,Early Maastrichtian,-110.22621200,43.81407900,-84.64450785,50.18339638
7,8,Ceratopsidae,Early Maastrichtian,-112.86560100,51.54999900,-84.42309475,58.11831295
8,9,Ceratopsidae,Early Maastrichtian,-112.95829800,51.74639900,-84.43216393,58.32290615
9,10,Ceratopsidae,Early Maastrichtian,-112.86560100,51.54999900,-84.42309475,58.11831295
10,11,Ceratopsidae,Early Maastrichtian,-112.62999700,51.41000000,-84.22352684,57.94520739
11,12,Ceratopsidae,Early Maastrichtian,-112.95829800,51.80460000,-84.40339879,58.37911597
12,13,Ceratopsidae,Early Maastrichtian,-112.88333100,51.99583400,-84.22281471,58.55171325
13,14,Ceratopsidae,Early Maastrichtian,-112.88333100,51.99583400,-84.22281471,58.55171325
14,15,Ceratopsidae,Early Maastrichtian,-112.88333100,51.99583400,-84.22281471,58.55171325
15,16,Ceratopsidae,Early Maastrichtian,-112.78333300,51.84027900,-84.18651182,58.38545734
16,17,Ceratopsidae,Early Maastrichtian,-103.20388800,29.39638900,-81.17422385,34.92592621
17,18,Ceratopsidae,Early Maastrichtian,-111.25430300,39.21360000,-87.21367324,45.84487700
18,19,Ceratopsidae,Early Maastrichtian,-111.10639200,39.28889100,-87.03077441,45.89557182
19,20,Ceratopsidae,Early Maastrichtian,-108.06639900,36.34389900,-84.57110905,42.52929778
20,21,Ceratopsidae,Early Maastrichtian,-108.06639900,36.34389900,-84.57110905,42.52929778
21,22,Ceratopsidae,Early Maastrichtian,-104.51696800,37.11803400,-80.57938514,42.71126041
22,23,Ceratopsidae,Early Maastrichtian,-106.38330100,49.36666900,-78.22314318,54.93788724
23,24,Hadrosauridae,Early Maastrichtian,-103.56562000,29.22855400,-81.59049963,34.82094693
24,25,Hadrosauridae,Early Maastrichtian,-105.22358700,39.74570500,-80.55405453,45.39650913
25,26,Hadrosauridae,Early Maastrichtian,-110.82906300,45.95095400,-84.53712003,52.36149166
26,27,Hadrosauridae,Early Maastrichtian,-110.79779800,46.09610000,-84.44751019,52.49770221
27,28,Hadrosauridae,Early Maastrichtian,-110.79779800,46.09610000,-84.44751019,52.49770221
28,29,Hadrosauridae,Early Maastrichtian,-135.07505800,65.89482100,-102.30200340,75.06985395
29,30,Hadrosauridae,Early Maastrichtian,-112.86560100,51.54999900,-84.42309475,58.11831295
30,31,Hadrosauridae,Early Maastrichtian,-113.00540200,51.90639900,-84.40653917,58.48497801
31,32,Hadrosauridae,Early Maastrichtian,-112.87860900,51.53889100,-84.44331604,58.10966787
32,33,Hadrosauridae,Early Maastrichtian,-113.54536400,53.44781100,-84.22479975,60.05802324
33,34,Hadrosauridae,Early Maastrichtian,-113.54536400,53.44781100,-84.22479975,60.05802324
34,35,Hadrosauridae,Early Maastrichtian,-112.88333100,51.99583400,-84.22281471,58.55171325
35,36,Hadrosauridae,Early Maastrichtian,-112.67337800,51.45554400,-84.25065220,57.99618520
36,37,Hadrosauridae,Early Maastrichtian,-112.88333100,51.99583400,-84.22281471,58.55171325
37,38,Hadrosauridae,Early Maastrichtian,-112.88333100,51.99583400,-84.22281471,58.55171325
38,39,Hadrosauridae,Early Maastrichtian,-112.88333100,51.99583400,-84.22281471,58.55171325
39,40,Hadrosauridae,Early Maastrichtian,-112.88333100,51.99583400,-84.22281471,58.55171325
40,41,Hadrosauridae,Early Maastrichtian,-112.95829800,51.93550100,-84.33836636,58.50551488
41,42,Hadrosauridae,Early Maastrichtian,-113.00540200,51.86280100,-84.42820862,58.44287898
42,43,Hadrosauridae,Early Maastrichtian,-112.95829800,51.74639900,-84.43216393,58.32290615
43,44,Hadrosauridae,Early Maastrichtian,-112.98190300,51.81909900,-84.42310685,58.39690593
44,45,Hadrosauridae,Early Maastrichtian,-113.00540200,51.79029800,-84.46413012,58.37286068
45,46,Hadrosauridae,Early Maastrichtian,-112.98190300,51.81909900,-84.42310685,58.39690593
46,47,Hadrosauridae,Early Maastrichtian,-112.97010000,51.90639900,-84.36631176,58.47931155
47,48,Hadrosauridae,Early Maastrichtian,-98.91666400,18.23333400,-79.10721520,23.23500272
48,49,Hadrosauridae,Early Maastrichtian,-98.91666400,18.23333400,-79.10721520,23.23500272
49,50,Hadrosauridae,Early Maastrichtian,-98.91666400,18.23333400,-79.10721520,23.23500272
50,51,Hadrosauridae,Early Maastrichtian,-75.63305700,39.79166800,-50.38976982,40.08086638
51,52,Hadrosauridae,Early Maastrichtian,-75.16666400,39.78333300,-49.93841133,39.98559402
52,53,Hadrosauridae,Early Maastrichtian,-75.16666400,39.78333300,-49.93841133,39.98559402
53,54,Hadrosauridae,Early Maastrichtian,-75.31028000,39.74750100,-50.08952758,39.97768116
54,55,Hadrosauridae,Early Maastrichtian,-74.24976300,40.33735300,-48.87088307,40.35160205
55,56,Hadrosauridae,Early Maastrichtian,-74.34288000,40.29689800,-48.97419193,40.32976014
56,57,Hadrosauridae,Early Maastrichtian,-74.03333300,40.40000200,-48.64092826,40.37195126
57,58,Hadrosauridae,Early Maastrichtian,-74.17236300,40.28760900,-48.81179882,40.28892475
58,59,Hadrosauridae,Early Maastrichtian,-75.14434100,39.76650200,-49.92203602,39.96509616
59,60,Hadrosauridae,Early Maastrichtian,-74.22250400,40.31305700,-48.85225261,40.32295749
60,61,Hadrosauridae,Early Maastrichtian,-75.16000400,39.76166500,-49.93880781,39.96333167
61,62,Hadrosauridae,Early Maastrichtian,-111.25430300,39.21360000,-87.21367324,45.84487700
62,63,Hadrosauridae,Early Maastrichtian,-111.10639200,39.28889100,-87.03077441,45.89557182
63,64,Hadrosauridae,Early Maastrichtian,-111.10639200,39.28889100,-87.03077441,45.89557182
64,65,Hadrosauridae,Early Maastrichtian,-108.09536000,36.28742200,-84.61737014,42.47859223
65,66,Hadrosauridae,Early Maastrichtian,-108.09536000,36.28742200,-84.61737014,42.47859223
66,67,Hadrosauridae,Early Maastrichtian,-108.06639900,36.34389900,-84.57110905,42.52929778
67,68,Hadrosauridae,Early Maastrichtian,-108.09536000,36.28742200,-84.61737014,42.47859223
68,69,Hadrosauridae,Early Maastrichtian,-108.26580000,36.68280000,-84.69288303,42.89334667
69,70,Hadrosauridae,Early Maastrichtian,-108.89250200,36.23694200,-85.48571739,42.55627220
70,71,Hadrosauridae,Early Maastrichtian,-108.16694600,36.26944400,-84.69889608,42.47244043
71,72,Hadrosauridae,Early Maastrichtian,-151.57823200,70.07136500,-126.29806010,80.73179044
72,73,Hadrosauridae,Early Maastrichtian,-106.38330100,49.36666900,-78.22314318,54.93788724
75,76,Hadrosauridae,Early Maastrichtian,-76.85965000,38.91471500,-51.86314900,39.45944941
76,77,Hadrosauridae,Early Maastrichtian,-76.70833600,38.96389000,-51.69984066,39.47885887
77,78,Hadrosauridae,Early Maastrichtian,-113.36460100,49.97119900,-85.72833576,56.66994900
78,79,Hadrosauridae,Early Maastrichtian,-113.36460100,49.97119900,-85.72833576,56.66994900
79,80,Hadrosauridae,Early Maastrichtian,-112.80000300,48.90000200,-85.55760323,55.54159378
80,81,Hadrosauridae,Early Maastrichtian,-112.83139800,48.42929800,-85.79124852,55.08958134
81,82,Hadrosauridae,Early Maastrichtian,-113.30606100,49.19161200,-86.00426299,55.90460927
82,83,Hadrosauridae,Early Maastrichtian,-74.27417000,40.25999800,-48.91938353,40.28115541
83,84,Tyrannosauridae,Early Maastrichtian,-103.51648700,29.30055000,-81.52261074,34.88353143
84,85,Tyrannosauridae,Early Maastrichtian,-103.56562000,29.22855400,-81.59049963,34.82094693
85,86,Tyrannosauridae,Early Maastrichtian,-112.98190300,51.81909900,-84.42310685,58.39690593
86,87,Tyrannosauridae,Early Maastrichtian,-112.93479900,51.92829900,-84.31518301,58.49478724
87,88,Tyrannosauridae,Early Maastrichtian,-112.88333100,51.99583400,-84.22281471,58.55171325
88,89,Tyrannosauridae,Early Maastrichtian,-112.88333100,51.99583400,-84.22281471,58.55171325
89,90,Tyrannosauridae,Early Maastrichtian,-112.86560100,51.54999900,-84.42309475,58.11831295
90,91,Tyrannosauridae,Early Maastrichtian,-112.87860900,51.53889100,-84.44331604,58.10966787
91,92,Tyrannosauridae,Early Maastrichtian,-113.54536400,53.44781100,-84.22479975,60.05802324
92,93,Tyrannosauridae,Early Maastrichtian,-112.67337800,51.45554400,-84.25065220,57.99618520
93,94,Tyrannosauridae,Early Maastrichtian,-112.88333100,51.99583400,-84.22281471,58.55171325
94,95,Tyrannosauridae,Early Maastrichtian,-112.88333100,51.99583400,-84.22281471,58.55171325
95,96,Tyrannosauridae,Early Maastrichtian,-112.88333100,51.99583400,-84.22281471,58.55171325
96,97,Tyrannosauridae,Early Maastrichtian,-103.15957600,29.43875700,-81.11816392,34.96017774
97,98,Tyrannosauridae,Early Maastrichtian,-103.15957600,29.43875700,-81.11816392,34.96017774
98,99,Tyrannosauridae,Early Maastrichtian,-151.57823200,70.07136500,-126.29806010,80.73179044
99,100,Tyrannosauridae,Early Maastrichtian,-112.98529800,49.91299800,-85.32449123,56.55339846
100,101,Ceratopsidae,Late Maastrichtian,-104.86528000,39.92055500,-80.11702821,45.50736868
101,102,Ceratopsidae,Late Maastrichtian,-104.82000000,39.98527900,-80.04850436,45.56295739
102,103,Ceratopsidae,Late Maastrichtian,-105.22358700,39.74570500,-80.55405453,45.39650913
103,104,Ceratopsidae,Late Maastrichtian,-105.14140300,39.70029800,-80.48022266,45.33848458
104,105,Ceratopsidae,Late Maastrichtian,-105.04215200,39.73079700,-80.36477127,45.35170348
105,106,Ceratopsidae,Late Maastrichtian,-105.01110800,39.81083300,-80.30685721,45.42464729
106,107,Ceratopsidae,Late Maastrichtian,-105.01916500,39.79388800,-80.32071073,45.40945241
107,108,Ceratopsidae,Late Maastrichtian,-104.38333100,38.85889100,-79.92814881,44.39023533
108,109,Ceratopsidae,Late Maastrichtian,-104.69833400,38.67194400,-80.31953810,44.26031852
109,110,Ceratopsidae,Late Maastrichtian,-105.20027900,39.79138900,-80.51503023,45.43722300
110,111,Ceratopsidae,Late Maastrichtian,-105.11027500,39.86750000,-80.39526215,45.49651043
111,112,Ceratopsidae,Late Maastrichtian,-105.03666700,39.83666600,-80.32616107,45.45412966
112,113,Ceratopsidae,Late Maastrichtian,-104.99527700,39.89416900,-80.26409659,45.50334396
113,114,Ceratopsidae,Late Maastrichtian,-105.29972100,39.30527900,-80.77025774,44.97912991
114,115,Ceratopsidae,Late Maastrichtian,-105.08638800,39.70527600,-80.41990547,45.33417032
115,116,Ceratopsidae,Late Maastrichtian,-105.13527700,39.64888800,-80.48951040,45.28727364
116,117,Ceratopsidae,Late Maastrichtian,-105.11027500,39.86750000,-80.39526215,45.49651043
117,118,Ceratopsidae,Late Maastrichtian,-105.04409800,39.93429900,-80.30379291,45.55066429
118,119,Ceratopsidae,Late Maastrichtian,-105.14779700,39.90930200,-80.42239916,45.54357179
119,120,Ceratopsidae,Late Maastrichtian,-104.96270000,39.85839800,-80.24039892,45.46298879
120,121,Ceratopsidae,Late Maastrichtian,-104.89160200,39.89479800,-80.15315128,45.48663267
121,122,Ceratopsidae,Late Maastrichtian,-104.82000000,39.98527900,-80.04850436,45.56295739
122,123,Ceratopsidae,Late Maastrichtian,-104.73666400,30.43277700,-82.52970954,36.19124127
123,124,Ceratopsidae,Late Maastrichtian,-110.62609900,41.74819900,-85.76889256,48.23029330
124,125,Ceratopsidae,Late Maastrichtian,-106.87631200,41.93987700,-81.62956484,47.81132437
125,126,Ceratopsidae,Late Maastrichtian,-107.00000000,41.79999900,-81.80921370,47.69530288
126,127,Ceratopsidae,Late Maastrichtian,-107.00000000,41.79999900,-81.80921370,47.69530288
127,128,Ceratopsidae,Late Maastrichtian,-106.87631200,41.93987700,-81.62956484,47.81132437
128,129,Ceratopsidae,Late Maastrichtian,-106.87631200,41.93987700,-81.62956484,47.81132437
129,130,Ceratopsidae,Late Maastrichtian,-106.89023600,41.93475300,-81.64629540,47.80862472
130,131,Ceratopsidae,Late Maastrichtian,-106.89173100,41.94062000,-81.64597304,47.81459227
131,132,Ceratopsidae,Late Maastrichtian,-106.88109600,41.93524200,-81.63626220,47.80759394
132,133,Ceratopsidae,Late Maastrichtian,-106.88109600,41.93524200,-81.63626220,47.80759394
133,134,Ceratopsidae,Late Maastrichtian,-106.88109600,41.93524200,-81.63626220,47.80759394
134,135,Ceratopsidae,Late Maastrichtian,-106.85341600,41.93813700,-81.60541208,47.80585024
135,136,Ceratopsidae,Late Maastrichtian,-106.85341600,41.93813700,-81.60541208,47.80585024
136,137,Ceratopsidae,Late Maastrichtian,-106.85341600,41.93813700,-81.60541208,47.80585024
137,138,Ceratopsidae,Late Maastrichtian,-106.89073200,41.95609700,-81.63978196,47.82951908
138,139,Ceratopsidae,Late Maastrichtian,-106.88224000,41.93532600,-81.63747004,47.80786455
139,140,Ceratopsidae,Late Maastrichtian,-106.88501000,41.95390300,-81.63432641,47.82643587
140,141,Ceratopsidae,Late Maastrichtian,-106.87631200,41.93987700,-81.62956484,47.81132437
141,142,Ceratopsidae,Late Maastrichtian,-106.87631200,41.93987700,-81.62956484,47.81132437
142,143,Ceratopsidae,Late Maastrichtian,-106.87631200,41.93987700,-81.62956484,47.81132437
143,144,Ceratopsidae,Late Maastrichtian,-106.89241000,41.93975800,-81.64699105,47.81386372
144,145,Ceratopsidae,Late Maastrichtian,-106.89241000,41.93975800,-81.64699105,47.81386372
145,146,Ceratopsidae,Late Maastrichtian,-106.89241000,41.93975800,-81.64699105,47.81386372
146,147,Ceratopsidae,Late Maastrichtian,-106.88224000,41.93532600,-81.63747004,47.80786455
147,148,Ceratopsidae,Late Maastrichtian,-106.88224000,41.93532600,-81.63747004,47.80786455
148,149,Ceratopsidae,Late Maastrichtian,-106.62278000,41.83499900,-81.39049591,47.66718894
149,150,Ceratopsidae,Late Maastrichtian,-106.90833300,42.15555600,-81.59265334,48.02689549
150,151,Ceratopsidae,Late Maastrichtian,-108.40000200,49.29999900,-80.47089477,55.21299900
151,152,Ceratopsidae,Late Maastrichtian,-108.40000200,49.29999900,-80.47089477,55.21299900
152,153,Ceratopsidae,Late Maastrichtian,-106.57728600,49.05247900,-78.57705198,54.66739935
153,154,Ceratopsidae,Late Maastrichtian,-106.34972400,49.11666900,-78.29930595,54.69079518
154,155,Ceratopsidae,Late Maastrichtian,-107.29972100,49.00000000,-79.39262033,54.73869191
155,156,Ceratopsidae,Late Maastrichtian,-108.81666600,49.51666600,-80.83439573,55.49181051
156,157,Ceratopsidae,Late Maastrichtian,-108.81666600,49.51666600,-80.83439573,55.49181051
157,158,Ceratopsidae,Late Maastrichtian,-108.76660200,49.50500100,-80.78421179,55.47221276
158,159,Ceratopsidae,Late Maastrichtian,-108.33210000,49.34140000,-80.37729753,55.24169616
159,160,Ceratopsidae,Late Maastrichtian,-108.33210000,49.34140000,-80.37729753,55.24169616
160,161,Ceratopsidae,Late Maastrichtian,-108.33210000,49.34140000,-80.37729753,55.24169616
161,162,Ceratopsidae,Late Maastrichtian,-110.22621200,43.81407900,-84.64450785,50.18339638
162,163,Ceratopsidae,Late Maastrichtian,-107.38333100,47.63333100,-80.07239816,53.43028850
163,164,Ceratopsidae,Late Maastrichtian,-103.30000300,46.09999800,-76.26993159,51.25100594
164,165,Ceratopsidae,Late Maastrichtian,-107.38333100,47.63333100,-80.07239816,53.43028850
165,166,Ceratopsidae,Late Maastrichtian,-107.13330100,47.54999900,-79.83332521,53.30769066
166,167,Ceratopsidae,Late Maastrichtian,-107.31670400,47.61669900,-80.00634213,53.40302678
167,168,Ceratopsidae,Late Maastrichtian,-107.09999800,47.56670000,-79.78994153,53.31828318
168,169,Ceratopsidae,Late Maastrichtian,-107.09999800,47.56670000,-79.78994153,53.31828318
169,170,Ceratopsidae,Late Maastrichtian,-106.40000200,47.51670100,-79.04618891,53.15208158
170,171,Ceratopsidae,Late Maastrichtian,-106.38330100,47.59999800,-78.99319574,53.22991024
171,172,Ceratopsidae,Late Maastrichtian,-106.30000300,47.58330200,-78.90935659,53.19967547
172,173,Ceratopsidae,Late Maastrichtian,-107.25000000,47.54999900,-79.96104874,53.32724558
173,174,Ceratopsidae,Late Maastrichtian,-107.18332700,47.51670100,-79.90189747,53.28381991
174,175,Ceratopsidae,Late Maastrichtian,-106.91670200,47.53329800,-79.60339263,53.25516286
175,176,Ceratopsidae,Late Maastrichtian,-106.91670200,47.06670000,-79.79543033,52.80308383
176,177,Ceratopsidae,Late Maastrichtian,-106.26670100,47.59999800,-78.86607007,53.21021020
177,178,Ceratopsidae,Late Maastrichtian,-106.28330200,47.59999800,-78.88416555,53.21301628
178,179,Ceratopsidae,Late Maastrichtian,-107.05000300,47.51670100,-79.75603844,53.26146595
179,180,Ceratopsidae,Late Maastrichtian,-106.88330100,47.53329800,-79.56688600,53.24955084
180,181,Ceratopsidae,Late Maastrichtian,-106.88330100,47.53329800,-79.56688600,53.24955084
181,182,Ceratopsidae,Late Maastrichtian,-107.23333000,47.59999800,-79.92200178,53.37288663
182,183,Ceratopsidae,Late Maastrichtian,-107.00000000,47.51670100,-79.70135698,53.25307484
183,184,Ceratopsidae,Late Maastrichtian,-106.18329600,47.86669900,-78.66281048,53.45422444
184,185,Ceratopsidae,Late Maastrichtian,-106.09999800,47.79999900,-78.60026346,53.37557407
185,186,Ceratopsidae,Late Maastrichtian,-106.09999800,47.79999900,-78.60026346,53.37557407
186,187,Ceratopsidae,Late Maastrichtian,-106.19999700,47.63330100,-78.77941893,53.23116832
187,188,Ceratopsidae,Late Maastrichtian,-106.18329600,47.61669900,-78.76818065,53.21227247
188,189,Ceratopsidae,Late Maastrichtian,-101.50000000,46.90000200,-74.02033924,51.71203241
189,190,Ceratopsidae,Late Maastrichtian,-101.50000000,46.90000200,-74.02033924,51.71203241
190,191,Ceratopsidae,Late Maastrichtian,-106.92472100,47.58361100,-79.59120941,53.30523901
191,192,Ceratopsidae,Late Maastrichtian,-106.27693900,47.65388900,-78.85464426,53.26410905
192,193,Ceratopsidae,Late Maastrichtian,-103.96060200,46.42089800,-76.85168715,51.67551835
193,194,Ceratopsidae,Late Maastrichtian,-103.50222000,46.41305500,-76.36184167,51.58904262
194,195,Ceratopsidae,Late Maastrichtian,-103.50222000,46.41305500,-76.36184167,51.58904262
195,196,Ceratopsidae,Late Maastrichtian,-103.50222000,46.41305500,-76.36184167,51.58904262
196,197,Ceratopsidae,Late Maastrichtian,-103.50222000,46.41305500,-76.36184167,51.58904262
197,198,Ceratopsidae,Late Maastrichtian,-103.50222000,46.41305500,-76.36184167,51.58904262
198,199,Ceratopsidae,Late Maastrichtian,-103.50222000,46.41305500,-76.36184167,51.58904262
199,200,Ceratopsidae,Late Maastrichtian,-103.50222000,46.41305500,-76.36184167,51.58904262
200,201,Ceratopsidae,Late Maastrichtian,-103.50222000,46.41305500,-76.36184167,51.58904262
201,202,Ceratopsidae,Late Maastrichtian,-103.50222000,46.41305500,-76.36184167,51.58904262
202,203,Ceratopsidae,Late Maastrichtian,-103.50222000,46.41305500,-76.36184167,51.58904262
203,204,Ceratopsidae,Late Maastrichtian,-103.50222000,46.41305500,-76.36184167,51.58904262
204,205,Ceratopsidae,Late Maastrichtian,-103.50222000,46.41305500,-76.36184167,51.58904262
205,206,Ceratopsidae,Late Maastrichtian,-103.98149900,46.30500000,-76.92063645,51.56685462
206,207,Ceratopsidae,Late Maastrichtian,-106.09999800,47.79999900,-78.60026346,53.37557407
207,208,Ceratopsidae,Late Maastrichtian,-104.89138800,45.73014500,-78.12813306,51.16515704
208,209,Ceratopsidae,Late Maastrichtian,-103.56092800,45.71346300,-76.70229764,50.92144227
209,210,Ceratopsidae,Late Maastrichtian,-106.18611100,47.62389000,-78.76823373,53.21970952
210,211,Ceratopsidae,Late Maastrichtian,-107.00000000,47.59999800,-79.66668932,53.33375329
211,212,Ceratopsidae,Late Maastrichtian,-104.02111100,46.46638900,-76.89854730,51.72996555
212,213,Ceratopsidae,Late Maastrichtian,-106.25833100,47.73583200,-78.79990890,53.34027734
213,214,Ceratopsidae,Late Maastrichtian,-107.08300000,47.53620100,-79.78402924,53.28588994
214,215,Ceratopsidae,Late Maastrichtian,-103.96170000,45.94879900,-77.04067421,51.21834731
215,216,Ceratopsidae,Late Maastrichtian,-103.96170000,45.94879900,-77.04067421,51.21834731
216,217,Ceratopsidae,Late Maastrichtian,-103.96170000,45.94879900,-77.04067421,51.21834731
217,218,Ceratopsidae,Late Maastrichtian,-103.75389900,45.97769900,-76.80582751,51.21067764
218,219,Ceratopsidae,Late Maastrichtian,-103.75389900,46.00659900,-76.79441399,51.23867974
219,220,Ceratopsidae,Late Maastrichtian,-103.76689900,46.02640200,-76.80055992,51.26010081
220,221,Ceratopsidae,Late Maastrichtian,-103.76689900,46.02640200,-76.80055992,51.26010081
221,222,Ceratopsidae,Late Maastrichtian,-103.76689900,46.02640200,-76.80055992,51.26010081
222,223,Ceratopsidae,Late Maastrichtian,-103.76689900,46.02640200,-76.80055992,51.26010081
223,224,Ceratopsidae,Late Maastrichtian,-103.76689900,46.02640200,-76.80055992,51.26010081
224,225,Ceratopsidae,Late Maastrichtian,-103.76689900,46.02640200,-76.80055992,51.26010081
225,226,Ceratopsidae,Late Maastrichtian,-103.76689900,46.02640200,-76.80055992,51.26010081
226,227,Ceratopsidae,Late Maastrichtian,-103.76689900,46.02640200,-76.80055992,51.26010081
227,228,Ceratopsidae,Late Maastrichtian,-103.76689900,46.02640200,-76.80055992,51.26010081
228,229,Ceratopsidae,Late Maastrichtian,-103.76689900,46.02640200,-76.80055992,51.26010081
229,230,Ceratopsidae,Late Maastrichtian,-103.76689900,46.02640200,-76.80055992,51.26010081
230,231,Ceratopsidae,Late Maastrichtian,-103.76689900,46.02640200,-76.80055992,51.26010081
231,232,Ceratopsidae,Late Maastrichtian,-103.76689900,46.02640200,-76.80055992,51.26010081
232,233,Ceratopsidae,Late Maastrichtian,-103.76689900,46.02640200,-76.80055992,51.26010081
233,234,Ceratopsidae,Late Maastrichtian,-103.76689900,46.02640200,-76.80055992,51.26010081
234,235,Ceratopsidae,Late Maastrichtian,-103.80970000,46.14939900,-76.79781563,51.38661763
235,236,Ceratopsidae,Late Maastrichtian,-103.83699800,46.18030200,-76.81488479,51.42124502
236,237,Ceratopsidae,Late Maastrichtian,-103.79540300,46.13690200,-76.78740690,51.37205424
237,238,Ceratopsidae,Late Maastrichtian,-103.79540300,46.13690200,-76.78740690,51.37205424
238,239,Ceratopsidae,Late Maastrichtian,-103.79540300,46.13690200,-76.78740690,51.37205424
239,240,Ceratopsidae,Late Maastrichtian,-103.93969700,46.40639900,-76.83500663,51.65788554
240,241,Ceratopsidae,Late Maastrichtian,-103.93969700,46.42089800,-76.82918194,51.67192721
241,242,Ceratopsidae,Late Maastrichtian,-103.96440100,46.38190100,-76.87143358,51.63840278
242,243,Ceratopsidae,Late Maastrichtian,-103.77459700,46.20920200,-76.73626456,51.43851531
243,244,Ceratopsidae,Late Maastrichtian,-103.77459700,46.20920200,-76.73626456,51.43851531
244,245,Ceratopsidae,Late Maastrichtian,-103.77459700,46.20920200,-76.73626456,51.43851531
245,246,Ceratopsidae,Late Maastrichtian,-103.77459700,46.20920200,-76.73626456,51.43851531
246,247,Ceratopsidae,Late Maastrichtian,-103.77459700,46.20920200,-76.73626456,51.43851531
247,248,Ceratopsidae,Late Maastrichtian,-103.96440100,46.38190100,-76.87143358,51.63840278
248,249,Ceratopsidae,Late Maastrichtian,-104.02330000,46.44979900,-76.90757974,51.71427498
249,250,Ceratopsidae,Late Maastrichtian,-103.02330000,46.44979900,-75.83297071,51.54188777
250,251,Ceratopsidae,Late Maastrichtian,-104.00240300,46.44979900,-76.88507596,51.71068674
251,252,Ceratopsidae,Late Maastrichtian,-104.02330000,46.46429800,-76.90174634,51.72831642
252,253,Ceratopsidae,Late Maastrichtian,-104.02330000,46.46429800,-76.90174634,51.72831642
253,254,Ceratopsidae,Late Maastrichtian,-103.89790300,46.33400000,-76.81905688,51.58058639
254,255,Ceratopsidae,Late Maastrichtian,-103.89790300,46.33400000,-76.81905688,51.58058639
255,256,Ceratopsidae,Late Maastrichtian,-103.89790300,46.33400000,-76.81905688,51.58058639
256,257,Ceratopsidae,Late Maastrichtian,-104.00240300,46.46429800,-76.87924204,51.72472802
257,258,Ceratopsidae,Late Maastrichtian,-104.00240300,46.46429800,-76.87924204,51.72472802
258,259,Ceratopsidae,Late Maastrichtian,-104.00240300,46.46429800,-76.87924204,51.72472802
259,260,Ceratopsidae,Late Maastrichtian,-104.00240300,46.46429800,-76.87924204,51.72472802
260,261,Ceratopsidae,Late Maastrichtian,-104.00240300,46.46429800,-76.87924204,51.72472802
261,262,Ceratopsidae,Late Maastrichtian,-104.00240300,46.46429800,-76.87924204,51.72472802
262,263,Ceratopsidae,Late Maastrichtian,-104.00240300,46.46429800,-76.87924204,51.72472802
263,264,Ceratopsidae,Late Maastrichtian,-104.00240300,46.46429800,-76.87924204,51.72472802
264,265,Ceratopsidae,Late Maastrichtian,-103.89790300,46.36290000,-76.80747703,51.60857677
265,266,Ceratopsidae,Late Maastrichtian,-103.89790300,46.36290000,-76.80747703,51.60857677
266,267,Ceratopsidae,Late Maastrichtian,-103.89790300,46.36290000,-76.80747703,51.60857677
267,268,Ceratopsidae,Late Maastrichtian,-103.89790300,46.36290000,-76.80747703,51.60857677
268,269,Ceratopsidae,Late Maastrichtian,-103.89790300,46.36290000,-76.80747703,51.60857677
269,270,Ceratopsidae,Late Maastrichtian,-103.89790300,46.36290000,-76.80747703,51.60857677
270,271,Ceratopsidae,Late Maastrichtian,-103.94609800,45.93903000,-77.02773759,51.20620397
271,272,Ceratopsidae,Late Maastrichtian,-106.09999800,47.79999900,-78.60026346,53.37557407
272,273,Ceratopsidae,Late Maastrichtian,-106.11434900,47.77619900,-78.62595626,53.35497396
273,274,Ceratopsidae,Late Maastrichtian,-103.84240000,45.46110200,-77.10260058,50.72512448
274,275,Ceratopsidae,Late Maastrichtian,-106.96679700,47.52100000,-79.66326791,53.25166480
275,276,Ceratopsidae,Late Maastrichtian,-107.08329800,47.56670000,-79.77167156,53.31548198
276,277,Ceratopsidae,Late Maastrichtian,-106.21669800,47.59999800,-78.81157389,53.20175561
277,278,Ceratopsidae,Late Maastrichtian,-106.21669800,47.68330000,-78.77662869,53.28238993
278,279,Ceratopsidae,Late Maastrichtian,-100.63009600,46.08689900,-73.42661624,50.77308314
279,280,Ceratopsidae,Late Maastrichtian,-104.73638900,47.05361200,-77.43145785,52.42108917
280,281,Ceratopsidae,Late Maastrichtian,-105.11805700,46.25805700,-78.16578645,51.71555475
281,282,Ceratopsidae,Late Maastrichtian,-106.20361300,47.75055700,-78.73405508,53.34527137
282,283,Ceratopsidae,Late Maastrichtian,-103.45166800,45.06277800,-76.83597005,50.27176599
283,284,Ceratopsidae,Late Maastrichtian,-106.89656100,47.61391100,-79.54778545,53.32985101
284,285,Ceratopsidae,Late Maastrichtian,-106.89656100,47.61391100,-79.54778545,53.32985101
285,286,Ceratopsidae,Late Maastrichtian,-105.30000300,45.38333100,-78.70315430,50.89800908
286,287,Ceratopsidae,Late Maastrichtian,-107.11555500,47.54666500,-79.81529477,53.30148564
287,288,Ceratopsidae,Late Maastrichtian,-106.09999800,47.79999900,-78.60026346,53.37557407
288,289,Ceratopsidae,Late Maastrichtian,-106.19472500,47.55527900,-78.80633789,53.15474863
289,290,Ceratopsidae,Late Maastrichtian,-103.90000200,45.83333200,-77.01968887,51.09585843
290,291,Ceratopsidae,Late Maastrichtian,-104.02111100,46.46638900,-76.89854730,51.72996555
291,292,Ceratopsidae,Late Maastrichtian,-107.11555500,47.54666500,-79.81529477,53.30148564
292,293,Ceratopsidae,Late Maastrichtian,-107.33667000,47.65694400,-80.01143284,53.44535240
293,294,Ceratopsidae,Late Maastrichtian,-106.95469700,47.60870000,-79.61351954,53.33457283
294,295,Ceratopsidae,Late Maastrichtian,-107.01889800,47.53620100,-79.71391849,53.27513473
295,296,Ceratopsidae,Late Maastrichtian,-105.08000200,45.66000000,-78.35903260,51.12916608
296,297,Ceratopsidae,Late Maastrichtian,-105.07861300,45.67833300,-78.35043414,51.14671413
297,298,Ceratopsidae,Late Maastrichtian,-112.93525700,51.95325100,-84.30325816,58.51895075
298,299,Ceratopsidae,Late Maastrichtian,-112.78333300,51.84027900,-84.18651182,58.38545734
299,300,Ceratopsidae,Late Maastrichtian,-104.36666900,43.29999900,-78.46342353,48.71587235
300,301,Ceratopsidae,Late Maastrichtian,-108.64859800,41.56829800,-83.67024445,47.73827362
301,302,Ceratopsidae,Late Maastrichtian,-104.53333300,43.18333400,-78.68333254,48.63064919
302,303,Ceratopsidae,Late Maastrichtian,-104.56670400,43.15000200,-78.73084624,48.60387579
303,304,Ceratopsidae,Late Maastrichtian,-104.50000000,43.00000000,-78.71175573,48.44666629
304,305,Ceratopsidae,Late Maastrichtian,-104.53330200,43.23329900,-78.66572935,48.67924219
305,306,Ceratopsidae,Late Maastrichtian,-104.53330200,43.16669800,-78.68914172,48.61446242
306,307,Ceratopsidae,Late Maastrichtian,-104.50000000,43.00000000,-78.71175573,48.44666629
307,308,Ceratopsidae,Late Maastrichtian,-104.50000000,43.00000000,-78.71175573,48.44666629
308,309,Ceratopsidae,Late Maastrichtian,-104.55999800,47.79000100,-76.93247535,53.10325219
309,310,Ceratopsidae,Late Maastrichtian,-111.83055900,37.57916600,-88.29787768,44.33176361
310,311,Ceratopsidae,Late Maastrichtian,-104.63700100,43.11632900,-78.81809922,48.58301234
311,312,Ceratopsidae,Late Maastrichtian,-104.19780000,41.90779900,-78.76172507,47.33244440
312,313,Ceratopsidae,Late Maastrichtian,-104.19780000,41.90779900,-78.76172507,47.33244440
313,314,Ceratopsidae,Late Maastrichtian,-104.19780000,41.90779900,-78.76172507,47.33244440
314,315,Ceratopsidae,Late Maastrichtian,-104.37120100,41.73460000,-79.00506265,47.19306685
315,316,Ceratopsidae,Late Maastrichtian,-104.48200200,43.34940000,-78.56970943,48.78346576
316,317,Ceratopsidae,Late Maastrichtian,-108.68699600,41.55350100,-83.71670755,47.73003385
317,318,Ceratopsidae,Late Maastrichtian,-104.45727500,42.19590400,-78.94230891,47.65685004
318,319,Ceratopsidae,Late Maastrichtian,-104.55305500,43.15778000,-78.71346944,48.60913156
319,320,Ceratopsidae,Late Maastrichtian,-104.64426400,43.19197800,-78.79936581,48.65782872
320,321,Ceratopsidae,Late Maastrichtian,-104.64936100,43.23053700,-78.79128610,48.69619712
321,322,Ceratopsidae,Late Maastrichtian,-104.62846400,43.23772800,-78.76632002,48.69965653
322,323,Ceratopsidae,Late Maastrichtian,-104.55104100,43.18125900,-78.70306499,48.63162860
323,324,Ceratopsidae,Late Maastrichtian,-101.19999700,45.75027800,-74.16577326,50.54736475
324,325,Ceratopsidae,Late Maastrichtian,-105.23860900,42.64860900,-79.62640575,48.22922672
325,326,Ceratopsidae,Late Maastrichtian,-104.60369100,43.27409000,-78.72691925,48.73083164
326,327,Ceratopsidae,Late Maastrichtian,-104.66834300,43.28355000,-78.79300486,48.75097125
327,328,Ceratopsidae,Late Maastrichtian,-104.70717600,43.13935100,-78.88537440,48.61727217
328,329,Ceratopsidae,Late Maastrichtian,-106.98471800,41.78638800,-81.79717317,47.67951125
329,330,Ceratopsidae,Late Maastrichtian,-104.66241500,43.29844700,-78.78138748,48.76445765
330,331,Ceratopsidae,Late Maastrichtian,-104.62450400,43.25574100,-78.75572809,48.71650689
331,332,Ceratopsidae,Late Maastrichtian,-104.65797400,43.20004700,-78.81125119,48.66799633
332,333,Ceratopsidae,Late Maastrichtian,-104.54759200,43.21918500,-78.68603230,48.66793393
333,334,Ceratopsidae,Late Maastrichtian,-104.54759200,43.21918500,-78.68603230,48.66793393
334,335,Ceratopsidae,Late Maastrichtian,-104.55388600,43.21361200,-78.69474756,48.66357888
335,336,Ceratopsidae,Late Maastrichtian,-104.55388600,43.21361200,-78.69474756,48.66357888
336,337,Ceratopsidae,Late Maastrichtian,-104.55305500,43.15778000,-78.71346944,48.60913156
337,338,Ceratopsidae,Late Maastrichtian,-104.56308700,43.13201100,-78.73327351,48.58576324
338,339,Ceratopsidae,Late Maastrichtian,-104.47650900,43.16466500,-78.62891803,48.60286802
339,340,Ceratopsidae,Late Maastrichtian,-104.47911800,43.15728800,-78.63430725,48.59613453
340,341,Ceratopsidae,Late Maastrichtian,-104.46646900,43.20924800,-78.60247657,48.64453044
341,342,Ceratopsidae,Late Maastrichtian,-104.46347800,43.19329500,-78.60487795,48.62850753
342,343,Ceratopsidae,Late Maastrichtian,-104.47390700,43.18830500,-78.61782109,48.62542076
343,344,Ceratopsidae,Late Maastrichtian,-104.54439500,43.15831000,-78.70399003,48.60818127
344,345,Ceratopsidae,Late Maastrichtian,-104.41999800,43.31195100,-78.51641197,48.73653824
345,346,Ceratopsidae,Late Maastrichtian,-104.51444200,43.18361300,-78.66296280,48.62772207
346,347,Ceratopsidae,Late Maastrichtian,-104.61055800,43.48888800,-78.65828301,48.94088421
347,348,Ceratopsidae,Late Maastrichtian,-104.36638600,43.30166600,-78.46253115,48.71744545
348,349,Ceratopsidae,Late Maastrichtian,-104.56670400,43.06670000,-78.76002099,48.52284222
349,350,Ceratopsidae,Late Maastrichtian,-104.58329800,43.11669900,-78.76032933,48.57428834
350,351,Ceratopsidae,Late Maastrichtian,-104.65000200,43.26670100,-78.77924584,48.73148082
351,352,Ceratopsidae,Late Maastrichtian,-104.53330200,43.28329800,-78.64811350,48.72787082
352,353,Ceratopsidae,Late Maastrichtian,-104.41159800,43.44179900,-78.46141022,48.86137888
353,354,Ceratopsidae,Late Maastrichtian,-104.19239800,45.48207100,-77.47081497,50.80537803
354,355,Ceratopsidae,Late Maastrichtian,-104.49481200,43.42228700,-78.55764549,48.85651429
355,356,Ceratopsidae,Late Maastrichtian,-104.19239800,45.48207100,-77.47081497,50.80537803
356,357,Ceratopsidae,Late Maastrichtian,-103.69960000,45.39339800,-76.97534917,50.63497996
357,358,Ceratopsidae,Late Maastrichtian,-103.72010000,45.40790200,-76.99176963,50.65256189
358,359,Ceratopsidae,Late Maastrichtian,-103.50429500,45.51633800,-76.71822428,50.72062829
359,360,Ceratopsidae,Late Maastrichtian,-104.55305500,43.15778000,-78.71346944,48.60913156
360,361,Ceratopsidae,Late Maastrichtian,-105.85444600,42.88277800,-80.20885043,48.56039184
361,362,Ceratopsidae,Late Maastrichtian,-104.19239800,45.48207100,-77.47081497,50.80537803
362,363,Ceratopsidae,Late Maastrichtian,-103.96659900,45.39339800,-77.26216068,50.68074886
363,364,Ceratopsidae,Late Maastrichtian,-103.84240000,45.46110200,-77.10260058,50.72512448
364,365,Ceratopsidae,Late Maastrichtian,-104.49166900,40.38639100,-79.57178791,45.89922760
365,366,Ceratopsidae,Late Maastrichtian,-105.39444700,42.58444200,-79.81592413,48.19290376
366,367,Ceratopsidae,Late Maastrichtian,-104.64711800,43.12186400,-78.82702084,48.59010759
367,368,Ceratopsidae,Late Maastrichtian,-104.64518700,43.12080800,-78.82531782,48.58875379
368,369,Ceratopsidae,Late Maastrichtian,-104.91111000,43.14444400,-79.10265448,48.65666385
369,370,Ceratopsidae,Late Maastrichtian,-104.60840600,43.23786200,-78.74473888,48.69639308
370,371,Ceratopsidae,Late Maastrichtian,-104.57225800,43.22759200,-78.70954913,48.68028637
371,372,Ceratopsidae,Late Maastrichtian,-104.60540800,43.17866500,-78.76232842,48.63830597
372,373,Ceratopsidae,Late Maastrichtian,-106.86055800,40.28527800,-82.14266952,46.19409460
373,374,Ceratopsidae,Late Maastrichtian,-104.33319100,40.66996000,-79.31222208,46.14910410
374,375,Ceratopsidae,Late Maastrichtian,-104.76239800,40.90840100,-79.69419934,46.45375684
375,376,Ceratopsidae,Late Maastrichtian,-104.11888900,39.85722400,-79.34067698,45.32031836
376,377,Ceratopsidae,Late Maastrichtian,-105.18360900,39.84472300,-80.48070829,45.48650741
377,378,Ceratopsidae,Late Maastrichtian,-105.13510100,39.94089900,-80.39901089,45.57229439
378,379,Ceratopsidae,Late Maastrichtian,-105.22838600,39.75088500,-80.55758608,45.40236556
379,380,Ceratopsidae,Late Maastrichtian,-104.15820300,40.75975400,-79.09662602,46.20715259
380,381,Ceratopsidae,Late Maastrichtian,-107.19222300,33.15416700,-84.47045247,39.26500545
381,382,Ceratopsidae,Late Maastrichtian,-107.19222300,33.15416700,-84.47045247,39.26500545
382,383,Ceratopsidae,Late Maastrichtian,-107.19222300,33.15416700,-84.47045247,39.26500545
383,384,Ceratopsidae,Late Maastrichtian,-107.19222300,33.15416700,-84.47045247,39.26500545
384,385,Ceratopsidae,Late Maastrichtian,-107.19222300,33.15416700,-84.47045247,39.26500545
385,386,Ceratopsidae,Late Maastrichtian,-107.19222300,33.15416700,-84.47045247,39.26500545
386,387,Ceratopsidae,Late Maastrichtian,-107.00000000,41.79999900,-81.80921370,47.69530288
387,388,Ceratopsidae,Late Maastrichtian,-106.62278000,41.83499900,-81.39049591,47.66718894
388,389,Ceratopsidae,Late Maastrichtian,-111.25430300,39.22810000,-87.20948904,45.85908111
389,390,Ceratopsidae,Late Maastrichtian,-111.25430300,39.21360000,-87.21367324,45.84487700
390,391,Ceratopsidae,Late Maastrichtian,-111.10639200,39.28889100,-87.03077441,45.89557182
391,392,Ceratopsidae,Late Maastrichtian,-108.08419800,36.34389900,-84.59017471,42.53215142
392,393,Ceratopsidae,Late Maastrichtian,-108.02666500,36.30416900,-84.53928026,42.48399070
393,394,Ceratopsidae,Late Maastrichtian,-108.00000000,36.31416700,-84.50802617,42.48951094
394,395,Ceratopsidae,Late Maastrichtian,-108.01694500,36.32472200,-84.52332196,42.50257315
395,396,Ceratopsidae,Late Maastrichtian,-108.03111300,36.32305500,-84.53894538,42.50321221
396,397,Ceratopsidae,Late Maastrichtian,-108.00000000,36.31416700,-84.50802617,42.48951094
397,398,Ceratopsidae,Late Maastrichtian,-108.89250200,36.23694200,-85.48571739,42.55627220
398,399,Ceratopsidae,Late Maastrichtian,-108.08419800,36.34389900,-84.59017471,42.53215142
399,400,Ceratopsidae,Late Maastrichtian,-104.51696800,37.11803400,-80.57938514,42.71126041
400,401,Ceratopsidae,Late Maastrichtian,-107.40000200,49.40000200,-79.32343087,55.14207207
401,402,Ceratopsidae,Late Maastrichtian,-106.38330100,49.36666900,-78.22314318,54.93788724
402,403,Ceratopsidae,Late Maastrichtian,-106.38330100,49.36666900,-78.22314318,54.93788724
403,404,Ceratopsidae,Late Maastrichtian,-113.12460300,52.32840000,-84.33014914,58.91143680
404,405,Ceratopsidae,Late Maastrichtian,-113.00540200,51.89189900,-84.41375184,58.47097695
405,406,Ceratopsidae,Late Maastrichtian,-113.02890000,51.90639900,-84.43331993,58.48874844
406,407,Ceratopsidae,Late Maastrichtian,-112.94660200,51.91370000,-84.33590409,58.48258774
407,408,Ceratopsidae,Late Maastrichtian,-125.82917000,64.55555700,-90.70578525,72.53956016
408,409,Hadrosauridae,Late Maastrichtian,-105.03666700,39.83666600,-80.32616107,45.45412966
409,410,Hadrosauridae,Late Maastrichtian,-105.11027500,39.86750000,-80.39526215,45.49651043
410,411,Hadrosauridae,Late Maastrichtian,-105.03167000,39.60111200,-80.39353083,45.22335279
411,412,Hadrosauridae,Late Maastrichtian,-101.22583000,27.75444400,-79.49441796,32.98373927
412,413,Hadrosauridae,Late Maastrichtian,-106.87631200,41.93987700,-81.62956484,47.81132437
413,414,Hadrosauridae,Late Maastrichtian,-107.00000000,41.79999900,-81.80921370,47.69530288
414,415,Hadrosauridae,Late Maastrichtian,-106.87631200,41.93987700,-81.62956484,47.81132437
415,416,Hadrosauridae,Late Maastrichtian,-106.89023600,41.93475300,-81.64629540,47.80862472
416,417,Hadrosauridae,Late Maastrichtian,-106.89173100,41.94062000,-81.64597304,47.81459227
417,418,Hadrosauridae,Late Maastrichtian,-106.88062300,41.93874400,-81.63459504,47.81093073
418,419,Hadrosauridae,Late Maastrichtian,-106.88109600,41.93524200,-81.63626220,47.80759394
419,420,Hadrosauridae,Late Maastrichtian,-106.88224000,41.93532600,-81.63747004,47.80786455
420,421,Hadrosauridae,Late Maastrichtian,-106.87631200,41.93987700,-81.62956484,47.81132437
421,422,Hadrosauridae,Late Maastrichtian,-106.87631200,41.93987700,-81.62956484,47.81132437
422,423,Hadrosauridae,Late Maastrichtian,-106.89241000,41.93975800,-81.64699105,47.81386372
423,424,Hadrosauridae,Late Maastrichtian,-106.88224000,41.93532600,-81.63747004,47.80786455
424,425,Hadrosauridae,Late Maastrichtian,-106.88224000,41.93532600,-81.63747004,47.80786455
425,426,Hadrosauridae,Late Maastrichtian,-108.40000200,49.29999900,-80.47089477,55.21299900
426,427,Hadrosauridae,Late Maastrichtian,-108.81666600,49.51666600,-80.83439573,55.49181051
427,428,Hadrosauridae,Late Maastrichtian,-110.54972100,49.00000000,-82.99048384,55.27694764
428,429,Hadrosauridae,Late Maastrichtian,-110.54972100,49.00000000,-82.99048384,55.27694764
429,430,Hadrosauridae,Late Maastrichtian,-107.38333100,47.63333100,-80.07239816,53.43028850
430,431,Hadrosauridae,Late Maastrichtian,-103.30000300,46.09999800,-76.26993159,51.25100594
431,432,Hadrosauridae,Late Maastrichtian,-107.13330100,47.54999900,-79.83332521,53.30769066
432,433,Hadrosauridae,Late Maastrichtian,-106.98329900,47.51670100,-79.68309614,53.25027133
433,434,Hadrosauridae,Late Maastrichtian,-107.09999800,47.54999900,-79.79688853,53.30210619
434,435,Hadrosauridae,Late Maastrichtian,-107.09999800,47.56670000,-79.78994153,53.31828318
435,436,Hadrosauridae,Late Maastrichtian,-107.09999800,47.56670000,-79.78994153,53.31828318
436,437,Hadrosauridae,Late Maastrichtian,-106.40000200,47.51670100,-79.04618891,53.15208158
437,438,Hadrosauridae,Late Maastrichtian,-106.40000200,47.51670100,-79.04618891,53.15208158
438,439,Hadrosauridae,Late Maastrichtian,-106.30000300,47.58330200,-78.90935659,53.19967547
439,440,Hadrosauridae,Late Maastrichtian,-107.25000000,47.54999900,-79.96104874,53.32724558
440,441,Hadrosauridae,Late Maastrichtian,-106.43329600,47.59999800,-79.04772455,53.23835069
441,442,Hadrosauridae,Late Maastrichtian,-106.91670200,47.06670000,-79.79543033,52.80308383
442,443,Hadrosauridae,Late Maastrichtian,-106.26670100,47.59999800,-78.86607007,53.21021020
443,444,Hadrosauridae,Late Maastrichtian,-106.28330200,47.59999800,-78.88416555,53.21301628
444,445,Hadrosauridae,Late Maastrichtian,-107.05000300,47.51670100,-79.75603844,53.26146595
445,446,Hadrosauridae,Late Maastrichtian,-107.00000000,47.51670100,-79.70135698,53.25307484
446,447,Hadrosauridae,Late Maastrichtian,-106.18329600,47.86669900,-78.66281048,53.45422444
447,448,Hadrosauridae,Late Maastrichtian,-106.18329600,47.86669900,-78.66281048,53.45422444
448,449,Hadrosauridae,Late Maastrichtian,-106.09999800,47.79999900,-78.60026346,53.37557407
449,450,Hadrosauridae,Late Maastrichtian,-101.50000000,46.90000200,-74.02033924,51.71203241
450,451,Hadrosauridae,Late Maastrichtian,-101.50000000,46.90000200,-74.02033924,51.71203241
451,452,Hadrosauridae,Late Maastrichtian,-107.00000000,47.59999800,-79.66668932,53.33375329
452,453,Hadrosauridae,Late Maastrichtian,-107.00000000,47.59999800,-79.66668932,53.33375329
453,454,Hadrosauridae,Late Maastrichtian,-103.50222000,46.41305500,-76.36184167,51.58904262
454,455,Hadrosauridae,Late Maastrichtian,-103.50222000,46.41305500,-76.36184167,51.58904262
455,456,Hadrosauridae,Late Maastrichtian,-103.50222000,46.41305500,-76.36184167,51.58904262
456,457,Hadrosauridae,Late Maastrichtian,-103.50222000,46.41305500,-76.36184167,51.58904262
457,458,Hadrosauridae,Late Maastrichtian,-103.50222000,46.41305500,-76.36184167,51.58904262
458,459,Hadrosauridae,Late Maastrichtian,-103.50222000,46.41305500,-76.36184167,51.58904262
459,460,Hadrosauridae,Late Maastrichtian,-103.50222000,46.41305500,-76.36184167,51.58904262
460,461,Hadrosauridae,Late Maastrichtian,-106.09999800,47.79999900,-78.60026346,53.37557407
461,462,Hadrosauridae,Late Maastrichtian,-106.18879700,47.93972000,-78.63780454,53.52580882
462,463,Hadrosauridae,Late Maastrichtian,-108.22361000,47.34055700,-81.11539049,53.28648214
463,464,Hadrosauridae,Late Maastrichtian,-101.96788000,45.05366500,-75.25377955,50.00653571
464,465,Hadrosauridae,Late Maastrichtian,-106.22777600,47.69583100,-78.78343517,53.29639279
465,466,Hadrosauridae,Late Maastrichtian,-102.49749800,45.13583400,-75.78721367,50.17804990
466,467,Hadrosauridae,Late Maastrichtian,-103.96170000,45.94879900,-77.04067421,51.21834731
467,468,Hadrosauridae,Late Maastrichtian,-103.96170000,45.94879900,-77.04067421,51.21834731
468,469,Hadrosauridae,Late Maastrichtian,-103.75389900,45.97769900,-76.80582751,51.21067764
469,470,Hadrosauridae,Late Maastrichtian,-103.76689900,46.02640200,-76.80055992,51.26010081
470,471,Hadrosauridae,Late Maastrichtian,-103.76689900,46.02640200,-76.80055992,51.26010081
471,472,Hadrosauridae,Late Maastrichtian,-103.76689900,46.02640200,-76.80055992,51.26010081
472,473,Hadrosauridae,Late Maastrichtian,-103.76689900,46.02640200,-76.80055992,51.26010081
473,474,Hadrosauridae,Late Maastrichtian,-103.76689900,46.02640200,-76.80055992,51.26010081
474,475,Hadrosauridae,Late Maastrichtian,-103.76689900,46.02640200,-76.80055992,51.26010081
475,476,Hadrosauridae,Late Maastrichtian,-103.83699800,46.18030200,-76.81488479,51.42124502
476,477,Hadrosauridae,Late Maastrichtian,-103.93969700,46.40639900,-76.83500663,51.65788554
477,478,Hadrosauridae,Late Maastrichtian,-103.96440100,46.38190100,-76.87143358,51.63840278
478,479,Hadrosauridae,Late Maastrichtian,-103.77459700,46.20920200,-76.73626456,51.43851531
479,480,Hadrosauridae,Late Maastrichtian,-103.96440100,46.38190100,-76.87143358,51.63840278
480,481,Hadrosauridae,Late Maastrichtian,-104.02330000,46.44979900,-76.90757974,51.71427498
481,482,Hadrosauridae,Late Maastrichtian,-104.02330000,46.46429800,-76.90174634,51.72831642
482,483,Hadrosauridae,Late Maastrichtian,-103.89790300,46.33400000,-76.81905688,51.58058639
483,484,Hadrosauridae,Late Maastrichtian,-103.89790300,46.33400000,-76.81905688,51.58058639
484,485,Hadrosauridae,Late Maastrichtian,-103.89790300,46.33400000,-76.81905688,51.58058639
485,486,Hadrosauridae,Late Maastrichtian,-103.89790300,46.33400000,-76.81905688,51.58058639
486,487,Hadrosauridae,Late Maastrichtian,-104.00240300,46.46429800,-76.87924204,51.72472802
487,488,Hadrosauridae,Late Maastrichtian,-104.00240300,46.46429800,-76.87924204,51.72472802
488,489,Hadrosauridae,Late Maastrichtian,-104.00240300,46.46429800,-76.87924204,51.72472802
489,490,Hadrosauridae,Late Maastrichtian,-104.00240300,46.46429800,-76.87924204,51.72472802
490,491,Hadrosauridae,Late Maastrichtian,-103.89790300,46.36290000,-76.80747703,51.60857677
491,492,Hadrosauridae,Late Maastrichtian,-103.89790300,46.36290000,-76.80747703,51.60857677
492,493,Hadrosauridae,Late Maastrichtian,-103.89790300,46.36290000,-76.80747703,51.60857677
493,494,Hadrosauridae,Late Maastrichtian,-103.89790300,46.36290000,-76.80747703,51.60857677
494,495,Hadrosauridae,Late Maastrichtian,-103.89790300,46.36290000,-76.80747703,51.60857677
495,496,Hadrosauridae,Late Maastrichtian,-103.94609800,45.93903000,-77.02773759,51.20620397
496,497,Hadrosauridae,Late Maastrichtian,-103.94609800,45.93903000,-77.02773759,51.20620397
497,498,Hadrosauridae,Late Maastrichtian,-106.09999800,47.79999900,-78.60026346,53.37557407
498,499,Hadrosauridae,Late Maastrichtian,-101.62629700,45.53089900,-74.70543632,50.40944854
499,500,Hadrosauridae,Late Maastrichtian,-105.39920000,48.06309900,-77.72564121,53.51091485
500,501,Hadrosauridae,Late Maastrichtian,-106.69819600,47.63769900,-79.32109465,53.31951377
501,502,Hadrosauridae,Late Maastrichtian,-107.16840400,47.53749800,-79.87693178,53.30146551
502,503,Hadrosauridae,Late Maastrichtian,-106.75784300,47.57453200,-79.41263193,53.26838778
503,504,Hadrosauridae,Late Maastrichtian,-107.00000000,47.59999800,-79.66668932,53.33375329
504,505,Hadrosauridae,Late Maastrichtian,-100.63009600,46.08689900,-73.42661624,50.77308314
505,506,Hadrosauridae,Late Maastrichtian,-106.20361300,47.75055700,-78.73405508,53.34527137
506,507,Hadrosauridae,Late Maastrichtian,-107.00000000,47.59999800,-79.66668932,53.33375329
507,508,Hadrosauridae,Late Maastrichtian,-103.45166800,45.06277800,-76.83597005,50.27176599
508,509,Hadrosauridae,Late Maastrichtian,-106.80305500,46.37583200,-79.94866023,52.11413440
509,510,Hadrosauridae,Late Maastrichtian,-103.94636500,46.28688400,-76.89005902,51.54327442
510,511,Hadrosauridae,Late Maastrichtian,-106.89656100,47.61391100,-79.54778545,53.32985101
511,512,Hadrosauridae,Late Maastrichtian,-106.89656100,47.61391100,-79.54778545,53.32985101
512,513,Hadrosauridae,Late Maastrichtian,-105.30000300,45.38333100,-78.70315430,50.89800908
513,514,Hadrosauridae,Late Maastrichtian,-104.02111100,46.46638900,-76.89854730,51.72996555
514,515,Hadrosauridae,Late Maastrichtian,-104.02111100,46.46638900,-76.89854730,51.72996555
515,516,Hadrosauridae,Late Maastrichtian,-107.33667000,47.65694400,-80.01143284,53.44535240
516,517,Hadrosauridae,Late Maastrichtian,-107.11555500,47.54666500,-79.81529477,53.30148564
517,518,Hadrosauridae,Late Maastrichtian,-103.87426800,46.50389500,-76.72533617,51.74105432
518,519,Hadrosauridae,Late Maastrichtian,-107.38059200,46.24066900,-80.63199423,52.07942262
519,520,Hadrosauridae,Late Maastrichtian,-106.11434900,47.77619900,-78.62595626,53.35497396
520,521,Hadrosauridae,Late Maastrichtian,-106.56990100,47.63769900,-79.18101051,53.29789625
521,522,Hadrosauridae,Late Maastrichtian,-105.08000200,45.66000000,-78.35903260,51.12916608
522,523,Hadrosauridae,Late Maastrichtian,-103.43430300,29.33456600,-81.42897113,34.90335432
523,524,Hadrosauridae,Late Maastrichtian,-103.43430300,29.33456600,-81.42897113,34.90335432
524,525,Hadrosauridae,Late Maastrichtian,-79.00000000,73.50000000,-27.86539974,71.91052036
525,526,Hadrosauridae,Late Maastrichtian,-104.36666900,43.29999900,-78.46342353,48.71587235
526,527,Hadrosauridae,Late Maastrichtian,-108.66780100,41.56829800,-83.69110324,47.74137853
527,528,Hadrosauridae,Late Maastrichtian,-104.53333300,43.18333400,-78.68333254,48.63064919
528,529,Hadrosauridae,Late Maastrichtian,-104.56670400,43.15000200,-78.73084624,48.60387579
529,530,Hadrosauridae,Late Maastrichtian,-104.50000000,43.00000000,-78.71175573,48.44666629
530,531,Hadrosauridae,Late Maastrichtian,-104.53330200,43.23329900,-78.66572935,48.67924219
531,532,Hadrosauridae,Late Maastrichtian,-104.50000000,43.00000000,-78.71175573,48.44666629
532,533,Hadrosauridae,Late Maastrichtian,-104.69777700,43.36861000,-78.79459507,48.83867862
533,534,Hadrosauridae,Late Maastrichtian,-104.48333000,43.04999900,-78.67641230,48.49248436
534,535,Hadrosauridae,Late Maastrichtian,-111.83055900,37.57916600,-88.29787768,44.33176361
535,536,Hadrosauridae,Late Maastrichtian,-111.83055900,37.57916600,-88.29787768,44.33176361
536,537,Hadrosauridae,Late Maastrichtian,-104.63700100,43.11632900,-78.81809922,48.58301234
537,538,Hadrosauridae,Late Maastrichtian,-104.57415000,43.31161100,-78.68197173,48.76232350
538,539,Hadrosauridae,Late Maastrichtian,-104.19780000,41.90779900,-78.76172507,47.33244440
539,540,Hadrosauridae,Late Maastrichtian,-104.19780000,41.90779900,-78.76172507,47.33244440
540,541,Hadrosauridae,Late Maastrichtian,-104.37120100,41.73460000,-79.00506265,47.19306685
541,542,Hadrosauridae,Late Maastrichtian,-104.48200200,43.34940000,-78.56970943,48.78346576
542,543,Hadrosauridae,Late Maastrichtian,-104.91111000,43.16611100,-79.09506700,48.67774343
543,544,Hadrosauridae,Late Maastrichtian,-104.59130100,43.26950100,-78.71523487,48.72427137
544,545,Hadrosauridae,Late Maastrichtian,-109.17749800,44.09416600,-83.39613514,50.28740507
545,546,Hadrosauridae,Late Maastrichtian,-103.92379800,45.92810100,-77.00805338,51.19178705
546,547,Hadrosauridae,Late Maastrichtian,-104.53140300,43.34130100,-78.62559648,48.78395906
547,548,Hadrosauridae,Late Maastrichtian,-101.19999700,45.75027800,-74.16577326,50.54736475
548,549,Hadrosauridae,Late Maastrichtian,-104.61055800,43.48888800,-78.65828301,48.94088421
549,550,Hadrosauridae,Late Maastrichtian,-104.61055800,43.48888800,-78.65828301,48.94088421
550,551,Hadrosauridae,Late Maastrichtian,-108.80100300,45.04100000,-82.64199755,51.14791293
551,552,Hadrosauridae,Late Maastrichtian,-101.48069800,45.66830100,-74.49661409,50.51708914
552,553,Hadrosauridae,Late Maastrichtian,-104.58329800,43.11669900,-78.76032933,48.57428834
553,554,Hadrosauridae,Late Maastrichtian,-104.61669900,43.26670100,-78.74348828,48.72584627
554,555,Hadrosauridae,Late Maastrichtian,-104.65000200,43.26670100,-78.77924584,48.73148082
555,556,Hadrosauridae,Late Maastrichtian,-104.53330200,43.28329800,-78.64811350,48.72787082
556,557,Hadrosauridae,Late Maastrichtian,-104.58329800,43.15000200,-78.74865552,48.60668384
557,558,Hadrosauridae,Late Maastrichtian,-104.59999800,43.26670100,-78.72555808,48.72302000
558,559,Hadrosauridae,Late Maastrichtian,-105.53389000,42.96666700,-79.83449948,48.58840342
559,560,Hadrosauridae,Late Maastrichtian,-101.38995400,45.67255000,-74.39839784,50.50534616
560,561,Hadrosauridae,Late Maastrichtian,-104.91735100,45.10366100,-78.39638035,50.56170864
561,562,Hadrosauridae,Late Maastrichtian,-104.19239800,45.48207100,-77.47081497,50.80537803
562,563,Hadrosauridae,Late Maastrichtian,-103.97701300,45.32663300,-77.29900971,50.61777903
563,564,Hadrosauridae,Late Maastrichtian,-104.53140300,43.34130100,-78.62559648,48.78395906
564,565,Hadrosauridae,Late Maastrichtian,-105.24042500,45.34941900,-78.65172437,50.85500948
565,566,Hadrosauridae,Late Maastrichtian,-103.38121800,45.42947800,-76.61982763,50.61525183
566,567,Hadrosauridae,Late Maastrichtian,-103.50429500,45.51633800,-76.71822428,50.72062829
567,568,Hadrosauridae,Late Maastrichtian,-103.62745700,45.60325200,-76.81667475,50.82605169
568,569,Hadrosauridae,Late Maastrichtian,-103.72010000,45.40790200,-76.99176963,50.65256189
569,570,Hadrosauridae,Late Maastrichtian,-103.69960000,45.39339800,-76.97534917,50.63497996
570,571,Hadrosauridae,Late Maastrichtian,-103.72110000,45.33549900,-77.02071190,50.58252288
571,572,Hadrosauridae,Late Maastrichtian,-106.98471800,41.78638800,-81.79717317,47.67951125
572,573,Hadrosauridae,Late Maastrichtian,-107.97651700,44.61335800,-81.89712509,50.59666949
573,574,Hadrosauridae,Late Maastrichtian,-104.41159800,43.44179900,-78.46141022,48.86137888
574,575,Hadrosauridae,Late Maastrichtian,-104.53140300,43.34130100,-78.62559648,48.78395906
575,576,Hadrosauridae,Late Maastrichtian,-104.51444200,43.18361300,-78.66296280,48.62772207
576,577,Hadrosauridae,Late Maastrichtian,-105.85444600,42.88277800,-80.20885043,48.56039184
577,578,Hadrosauridae,Late Maastrichtian,-103.84240000,45.46110200,-77.10260058,50.72512448
578,579,Hadrosauridae,Late Maastrichtian,-104.60784900,43.25595900,-78.73777033,48.71390072
579,580,Hadrosauridae,Late Maastrichtian,-105.39444700,42.58444200,-79.81592413,48.19290376
580,581,Hadrosauridae,Late Maastrichtian,-105.39444700,42.58444200,-79.81592413,48.19290376
581,582,Hadrosauridae,Late Maastrichtian,-105.39444700,42.58444200,-79.81592413,48.19290376
582,583,Hadrosauridae,Late Maastrichtian,-104.76239800,40.90840100,-79.69419934,46.45375684
583,584,Hadrosauridae,Late Maastrichtian,-106.86055800,40.28527800,-82.14266952,46.19409460
584,585,Hadrosauridae,Late Maastrichtian,-106.86055800,40.28527800,-82.14266952,46.19409460
585,586,Hadrosauridae,Late Maastrichtian,-104.11888900,39.85722400,-79.34067698,45.32031836
586,587,Hadrosauridae,Late Maastrichtian,-105.22916400,39.95555500,-80.49503016,45.60228519
587,588,Hadrosauridae,Late Maastrichtian,-105.18360900,39.84472300,-80.48070829,45.48650741
588,589,Hadrosauridae,Late Maastrichtian,-105.22838600,39.75088500,-80.55758608,45.40236556
589,590,Hadrosauridae,Late Maastrichtian,-109.79042800,31.12439500,-87.70739474,37.67625339
590,591,Hadrosauridae,Late Maastrichtian,-109.79042800,31.12439500,-87.70739474,37.67625339
591,592,Hadrosauridae,Late Maastrichtian,-107.00000000,41.79999900,-81.80921370,47.69530288
592,593,Hadrosauridae,Late Maastrichtian,-120.69239800,36.58649800,-98.32948727,42.07033135
593,594,Hadrosauridae,Late Maastrichtian,-120.69239800,36.58649800,-98.32948727,42.07033135
594,595,Hadrosauridae,Late Maastrichtian,-120.69027700,36.50000000,-98.35296415,41.98559242
595,596,Hadrosauridae,Late Maastrichtian,-120.69027700,36.50000000,-98.35296415,41.98559242
596,597,Hadrosauridae,Late Maastrichtian,-121.21666700,37.46666700,-98.61821809,43.02145135
597,598,Hadrosauridae,Late Maastrichtian,-111.25430300,39.21360000,-87.21367324,45.84487700
598,599,Hadrosauridae,Late Maastrichtian,-111.10639200,39.28889100,-87.03077441,45.89557182
599,600,Hadrosauridae,Late Maastrichtian,-111.10639200,39.28889100,-87.03077441,45.89557182
600,601,Hadrosauridae,Late Maastrichtian,-108.10209700,36.34389900,-84.60934852,42.53502050
601,602,Hadrosauridae,Late Maastrichtian,-108.04055800,36.32111000,-84.54958601,42.50282099
602,603,Hadrosauridae,Late Maastrichtian,-108.02972400,36.32472200,-84.53700764,42.50462304
603,604,Hadrosauridae,Late Maastrichtian,-108.26580000,36.68280000,-84.69288303,42.89334667
604,605,Hadrosauridae,Late Maastrichtian,-108.89250200,36.23694200,-85.48571739,42.55627220
605,606,Hadrosauridae,Late Maastrichtian,-108.16694600,36.26944400,-84.69889608,42.47244043
606,607,Hadrosauridae,Late Maastrichtian,-151.51944000,69.83222200,-126.43299820,80.49281097
607,608,Hadrosauridae,Late Maastrichtian,-104.51696800,37.11803400,-80.57938514,42.71126041
608,609,Hadrosauridae,Late Maastrichtian,-106.38330100,49.36666900,-78.22314318,54.93788724
609,610,Hadrosauridae,Late Maastrichtian,-113.12460300,52.32840000,-84.33014914,58.91143680
610,611,Hadrosauridae,Late Maastrichtian,-112.98190300,51.81909900,-84.42310685,58.39690593
611,612,Hadrosauridae,Late Maastrichtian,-112.65550200,51.50630200,-84.20560346,58.04234843
612,613,Hadrosauridae,Late Maastrichtian,-112.97010000,51.90639900,-84.36631176,58.47931155
613,614,Hadrosauridae,Late Maastrichtian,-112.95829800,51.79729800,-84.40701274,58.37206414
614,615,Hadrosauridae,Late Maastrichtian,-113.30000300,53.63333100,-83.84203945,60.19706673
615,616,Tyrannosauridae,Late Maastrichtian,-105.20376600,39.75133100,-80.53113089,45.39869896
616,617,Tyrannosauridae,Late Maastrichtian,-105.20376600,39.75133100,-80.53113089,45.39869896
617,618,Tyrannosauridae,Late Maastrichtian,-105.01110800,39.81083300,-80.30685721,45.42464729
618,619,Tyrannosauridae,Late Maastrichtian,-105.11027500,39.86750000,-80.39526215,45.49651043
619,620,Tyrannosauridae,Late Maastrichtian,-105.01611300,39.61333500,-80.37315803,45.23268998
620,621,Tyrannosauridae,Late Maastrichtian,-105.03666700,39.83666600,-80.32616107,45.45412966
621,622,Tyrannosauridae,Late Maastrichtian,-105.11027500,39.86750000,-80.39526215,45.49651043
622,623,Tyrannosauridae,Late Maastrichtian,-106.89023600,41.93475300,-81.64629540,47.80862472
623,624,Tyrannosauridae,Late Maastrichtian,-106.89023600,41.93475300,-81.64629540,47.80862472
624,625,Tyrannosauridae,Late Maastrichtian,-107.00000000,41.79999900,-81.80921370,47.69530288
625,626,Tyrannosauridae,Late Maastrichtian,-106.85341600,41.93813700,-81.60541208,47.80585024
626,627,Tyrannosauridae,Late Maastrichtian,-106.88062300,41.93874400,-81.63459504,47.81093073
627,628,Tyrannosauridae,Late Maastrichtian,-106.88624600,41.95605100,-81.63495174,47.82873425
628,629,Tyrannosauridae,Late Maastrichtian,-106.87631200,41.93987700,-81.62956484,47.81132437
629,630,Tyrannosauridae,Late Maastrichtian,-106.89241000,41.93975800,-81.64699105,47.81386372
630,631,Tyrannosauridae,Late Maastrichtian,-106.88224000,41.93532600,-81.63747004,47.80786455
631,632,Tyrannosauridae,Late Maastrichtian,-108.81666600,49.51666600,-80.83439573,55.49181051
632,633,Tyrannosauridae,Late Maastrichtian,-107.38333100,47.63333100,-80.07239816,53.43028850
633,634,Tyrannosauridae,Late Maastrichtian,-103.30000300,46.09999800,-76.26993159,51.25100594
634,635,Tyrannosauridae,Late Maastrichtian,-106.91670200,47.06670000,-79.79543033,52.80308383
635,636,Tyrannosauridae,Late Maastrichtian,-106.26670100,47.59999800,-78.86607007,53.21021020
636,637,Tyrannosauridae,Late Maastrichtian,-106.19999700,47.63330100,-78.77941893,53.23116832
637,638,Tyrannosauridae,Late Maastrichtian,-101.50000000,46.90000200,-74.02033924,51.71203241
638,639,Tyrannosauridae,Late Maastrichtian,-101.50000000,46.90000200,-74.02033924,51.71203241
639,640,Tyrannosauridae,Late Maastrichtian,-103.62444300,45.65139000,-76.79470484,50.87219608
640,641,Tyrannosauridae,Late Maastrichtian,-103.50222000,46.41305500,-76.36184167,51.58904262
641,642,Tyrannosauridae,Late Maastrichtian,-103.50222000,46.41305500,-76.36184167,51.58904262
642,643,Tyrannosauridae,Late Maastrichtian,-104.55269600,45.88880200,-77.70078590,51.26130419
643,644,Tyrannosauridae,Late Maastrichtian,-106.09999800,47.79999900,-78.60026346,53.37557407
644,645,Tyrannosauridae,Late Maastrichtian,-106.09999800,47.79999900,-78.60026346,53.37557407
645,646,Tyrannosauridae,Late Maastrichtian,-104.89138800,45.73014500,-78.12813306,51.16515704
646,647,Tyrannosauridae,Late Maastrichtian,-106.25591300,47.73297100,-78.79847774,53.33709931
647,648,Tyrannosauridae,Late Maastrichtian,-101.96788000,45.05366500,-75.25377955,50.00653571
648,649,Tyrannosauridae,Late Maastrichtian,-107.00000000,47.59999800,-79.66668932,53.33375329
649,650,Tyrannosauridae,Late Maastrichtian,-107.08300000,47.53620100,-79.78402924,53.28588994
650,651,Tyrannosauridae,Late Maastrichtian,-103.96170000,45.94879900,-77.04067421,51.21834731
651,652,Tyrannosauridae,Late Maastrichtian,-103.96170000,45.94879900,-77.04067421,51.21834731
652,653,Tyrannosauridae,Late Maastrichtian,-103.75389900,45.97769900,-76.80582751,51.21067764
653,654,Tyrannosauridae,Late Maastrichtian,-103.76689900,46.02640200,-76.80055992,51.26010081
654,655,Tyrannosauridae,Late Maastrichtian,-103.76689900,46.02640200,-76.80055992,51.26010081
655,656,Tyrannosauridae,Late Maastrichtian,-103.76689900,46.02640200,-76.80055992,51.26010081
656,657,Tyrannosauridae,Late Maastrichtian,-103.76689900,46.02640200,-76.80055992,51.26010081
657,658,Tyrannosauridae,Late Maastrichtian,-103.76689900,46.02640200,-76.80055992,51.26010081
658,659,Tyrannosauridae,Late Maastrichtian,-103.79540300,46.13690200,-76.78740690,51.37205424
659,660,Tyrannosauridae,Late Maastrichtian,-103.93969700,46.40639900,-76.83500663,51.65788554
660,661,Tyrannosauridae,Late Maastrichtian,-103.96440100,46.38190100,-76.87143358,51.63840278
661,662,Tyrannosauridae,Late Maastrichtian,-103.02330000,46.44979900,-75.83297071,51.54188777
662,663,Tyrannosauridae,Late Maastrichtian,-104.02330000,46.46429800,-76.90174634,51.72831642
663,664,Tyrannosauridae,Late Maastrichtian,-103.89790300,46.33400000,-76.81905688,51.58058639
664,665,Tyrannosauridae,Late Maastrichtian,-103.89790300,46.33400000,-76.81905688,51.58058639
665,666,Tyrannosauridae,Late Maastrichtian,-103.89790300,46.33400000,-76.81905688,51.58058639
666,667,Tyrannosauridae,Late Maastrichtian,-104.00240300,46.46429800,-76.87924204,51.72472802
667,668,Tyrannosauridae,Late Maastrichtian,-104.00240300,46.46429800,-76.87924204,51.72472802
668,669,Tyrannosauridae,Late Maastrichtian,-103.89790300,46.36290000,-76.80747703,51.60857677
669,670,Tyrannosauridae,Late Maastrichtian,-103.94609800,45.93903000,-77.02773759,51.20620397
670,671,Tyrannosauridae,Late Maastrichtian,-103.94609800,45.93903000,-77.02773759,51.20620397
671,672,Tyrannosauridae,Late Maastrichtian,-103.94609800,45.93903000,-77.02773759,51.20620397
672,673,Tyrannosauridae,Late Maastrichtian,-101.62629700,45.53089900,-74.70543632,50.40944854
673,674,Tyrannosauridae,Late Maastrichtian,-106.45555900,47.96389000,-78.91856748,53.59432236
674,675,Tyrannosauridae,Late Maastrichtian,-106.45555900,47.96389000,-78.91856748,53.59432236
675,676,Tyrannosauridae,Late Maastrichtian,-104.15969800,45.50080100,-77.42840244,50.81795124
676,677,Tyrannosauridae,Late Maastrichtian,-107.08329800,47.56670000,-79.77167156,53.31548198
677,678,Tyrannosauridae,Late Maastrichtian,-107.08300000,47.53620100,-79.78402924,53.28588994
678,679,Tyrannosauridae,Late Maastrichtian,-107.08300000,47.53620100,-79.78402924,53.28588994
679,680,Tyrannosauridae,Late Maastrichtian,-101.62629700,45.53089900,-74.70543632,50.40944854
680,681,Tyrannosauridae,Late Maastrichtian,-103.45166800,45.06277800,-76.83597005,50.27176599
681,682,Tyrannosauridae,Late Maastrichtian,-103.45166800,45.06277800,-76.83597005,50.27176599
682,683,Tyrannosauridae,Late Maastrichtian,-106.89656100,47.61391100,-79.54778545,53.32985101
683,684,Tyrannosauridae,Late Maastrichtian,-106.89656100,47.61391100,-79.54778545,53.32985101
684,685,Tyrannosauridae,Late Maastrichtian,-110.60250100,46.88527700,-83.92550434,53.23362424
685,686,Tyrannosauridae,Late Maastrichtian,-105.08000200,45.66000000,-78.35903260,51.12916608
686,687,Tyrannosauridae,Late Maastrichtian,-107.08300000,47.53620100,-79.78402924,53.28588994
687,688,Tyrannosauridae,Late Maastrichtian,-103.15957600,29.43875700,-81.11816392,34.96017774
688,689,Tyrannosauridae,Late Maastrichtian,-103.15957600,29.43875700,-81.11816392,34.96017774
689,690,Tyrannosauridae,Late Maastrichtian,-104.36666900,43.29999900,-78.46342353,48.71587235
690,691,Tyrannosauridae,Late Maastrichtian,-104.53330200,43.16669800,-78.68914172,48.61446242
691,692,Tyrannosauridae,Late Maastrichtian,-104.69777700,43.36861000,-78.79459507,48.83867862
692,693,Tyrannosauridae,Late Maastrichtian,-108.85379800,44.93579900,-82.73853446,51.05417575
693,694,Tyrannosauridae,Late Maastrichtian,-104.48333000,43.04999900,-78.67641230,48.49248436
694,695,Tyrannosauridae,Late Maastrichtian,-104.48333000,43.04999900,-78.67641230,48.49248436
695,696,Tyrannosauridae,Late Maastrichtian,-104.63700100,43.11632900,-78.81809922,48.58301234
696,697,Tyrannosauridae,Late Maastrichtian,-107.64859800,41.64250200,-82.56197089,47.64809210
697,698,Tyrannosauridae,Late Maastrichtian,-104.41159800,43.44179900,-78.46141022,48.86137888
698,699,Tyrannosauridae,Late Maastrichtian,-105.83999600,48.28683900,-78.10875084,53.80232233
699,700,Tyrannosauridae,Late Maastrichtian,-104.07243300,43.12830400,-78.20852744,48.49894562
700,701,Tyrannosauridae,Late Maastrichtian,-104.65000200,43.26670100,-78.77924584,48.73148082
701,702,Tyrannosauridae,Late Maastrichtian,-105.23916600,42.64860900,-79.62700451,48.22932027
702,703,Tyrannosauridae,Late Maastrichtian,-104.49481200,43.42228700,-78.55764549,48.85651429
703,704,Tyrannosauridae,Late Maastrichtian,-104.19239800,45.48207100,-77.47081497,50.80537803
704,705,Tyrannosauridae,Late Maastrichtian,-105.24042500,45.34941900,-78.65172437,50.85500948
705,706,Tyrannosauridae,Late Maastrichtian,-105.85444600,42.88277800,-80.20885043,48.56039184
706,707,Tyrannosauridae,Late Maastrichtian,-109.17749800,44.09416600,-83.39613514,50.28740507
707,708,Tyrannosauridae,Late Maastrichtian,-104.49166900,40.38639100,-79.57178791,45.89922760
708,709,Tyrannosauridae,Late Maastrichtian,-109.00000000,31.00000000,-86.89602007,37.43097950
709,710,Tyrannosauridae,Late Maastrichtian,-109.00000000,31.00000000,-86.89602007,37.43097950
710,711,Tyrannosauridae,Late Maastrichtian,-107.14971900,33.24222200,-84.40352347,39.34460812
711,712,Tyrannosauridae,Late Maastrichtian,-107.19222300,33.15416700,-84.47045247,39.26500545
712,713,Tyrannosauridae,Late Maastrichtian,-107.79869800,36.16930000,-84.33162575,42.31521646
713,714,Tyrannosauridae,Late Maastrichtian,-108.89250200,36.23694200,-85.48571739,42.55627220
714,715,Tyrannosauridae,Late Maastrichtian,-104.91528300,36.51083000,-81.17287815,42.18343750
715,716,Tyrannosauridae,Late Maastrichtian,-113.12460300,52.32840000,-84.33014914,58.91143680
716,717,Tyrannosauridae,Late Maastrichtian,-112.98190300,51.80460000,-84.43028581,58.38290369
717,718,Tyrannosauridae,Late Maastrichtian,-113.02890000,51.90639900,-84.43331993,58.48874844
718,719,Tyrannosauridae,Late Maastrichtian,-113.23333000,51.93333400,-84.65306335,58.54751818
719,720,Tyrannosauridae,Late Maastrichtian,-114.10690300,49.60749800,-86.73239191,56.43399682
